day,num_tweets,num_replies,num_retweets,num_likes,avg_replies,avg_retweets,avg_likes,avg_polarity,avg_subjectivity
2018-01-01,75,2,0,4,0.02666666666666667,0.0,0.05333333333333334,0.0594351150392817,0.201923400673401
2018-01-02,42,7,0,0,0.16666666666666666,0.0,0.0,0.117817122113997,0.163979076479076
2018-01-03,13,0,0,2,0.0,0.0,0.15384615384615385,0.118181818181818,0.148251748251748
2018-01-04,43,1,2,5,0.023255813953488372,0.046511627906976744,0.11627906976744186,0.0472863323154021,0.19252721008535
2018-01-05,1,0,1,3,0.0,1.0,3.0,0.0,0.0
2018-01-06,6,0,2,2,0.0,0.3333333333333333,0.3333333333333333,0.15,0.266666666666667
2018-01-07,60,1,12,14,0.016666666666666666,0.2,0.23333333333333334,0.00365230429292929,0.216935606060606
2018-01-08,12,2,1,3,0.16666666666666666,0.08333333333333333,0.25,0.0718695887445888,0.161102994227994
2018-01-09,31,2,1,8,0.06451612903225806,0.03225806451612903,0.25806451612903225,-0.00629480286738351,0.137007168458781
2018-01-10,8,1,3,3,0.125,0.375,0.375,-0.0797111742424242,0.266950757575758
2018-01-12,49,44,9,15,0.8979591836734694,0.1836734693877551,0.30612244897959184,0.0778975984333127,0.289314058956916
2018-01-13,11,4,1,3,0.36363636363636365,0.09090909090909091,0.2727272727272727,-0.0386363636363636,0.140909090909091
2018-01-14,99,20,5,47,0.20202020202020202,0.050505050505050504,0.47474747474747475,0.0671402737390742,0.232763517814023
2018-01-15,39,1,8,7,0.02564102564102564,0.20512820512820512,0.1794871794871795,0.0165865384615385,0.152991452991453
2018-01-16,10,0,0,3,0.0,0.0,0.3,0.0275,0.211458333333333
2018-01-19,35,20,2,3,0.5714285714285714,0.05714285714285714,0.08571428571428572,0.0751298701298701,0.250714285714286
2018-01-20,92,88,4,12,0.9565217391304348,0.043478260869565216,0.13043478260869565,0.0272312801932367,0.154651405357927
2018-01-21,73,26,3,12,0.3561643835616438,0.0410958904109589,0.1643835616438356,0.0738683928324339,0.223578248235782
2018-01-22,32,0,0,4,0.0,0.0,0.125,-0.00220170454545454,0.0775568181818182
2018-01-23,39,16,1,11,0.41025641025641024,0.02564102564102564,0.28205128205128205,0.0645733895733896,0.234314759314759
2018-01-24,29,8,0,13,0.27586206896551724,0.0,0.4482758620689655,-0.00956112852664577,0.193534482758621
2018-01-25,9,2,1,2,0.2222222222222222,0.1111111111111111,0.2222222222222222,-0.0111111111111111,0.0666666666666667
2018-01-26,82,288,2,6,3.5121951219512195,0.024390243902439025,0.07317073170731707,0.0491705190981106,0.252918988193378
2018-01-27,42,0,2,30,0.0,0.047619047619047616,0.7142857142857143,0.0590624355802927,0.16688517831375
2018-01-28,6,0,0,5,0.0,0.0,0.8333333333333334,0.116666666666667,0.316666666666667
2018-01-29,18,0,0,0,0.0,0.0,0.0,0.0478009259259259,0.2325
2018-01-30,28,0,0,6,0.0,0.0,0.21428571428571427,0.0156079931972789,0.219929138321995
2018-01-31,21,15,0,0,0.7142857142857143,0.0,0.0,0.112581598295884,0.292819349962207
2018-02-01,1,0,0,2,0.0,0.0,2.0,0.118181818181818,0.45
2018-02-03,16,1,0,2,0.0625,0.0,0.125,0.0802067550505051,0.19604797979798
2018-02-04,32,4,2,6,0.125,0.0625,0.1875,0.0311099273989899,0.27941130050505
2018-02-05,49,34,1,13,0.6938775510204082,0.02040816326530612,0.2653061224489796,0.0293080219100627,0.173383249403658
2018-02-06,12,3,0,2,0.25,0.0,0.16666666666666666,0.0320430871212121,0.404166666666667
2018-02-07,21,12,1,22,0.5714285714285714,0.047619047619047616,1.0476190476190477,0.0168073593073593,0.255079365079365
2018-02-08,5,0,0,6,0.0,0.0,1.2,0.3,0.16
2018-02-09,12,8,0,8,0.6666666666666666,0.0,0.6666666666666666,0.173773448773449,0.289157196969697
2018-02-10,27,20,5,3,0.7407407407407407,0.18518518518518517,0.1111111111111111,0.0947706228956229,0.208641975308642
2018-02-12,10,0,0,0,0.0,0.0,0.0,0.242133838383838,0.474513888888889
2018-02-13,76,59,4,13,0.7763157894736842,0.05263157894736842,0.17105263157894737,0.0470389396787423,0.209455456823878
2018-02-14,14,0,0,0,0.0,0.0,0.0,0.0678571428571429,0.163095238095238
2018-02-15,10,8,0,1,0.8,0.0,0.1,0.01,0.327008547008547
2018-02-16,124,23,9,43,0.18548387096774194,0.07258064516129033,0.3467741935483871,0.0855529808453196,0.307000506214216
2018-02-17,56,1,0,12,0.017857142857142856,0.0,0.21428571428571427,0.0355320785984848,0.137276785714286
2018-02-18,84,2,1,11,0.023809523809523808,0.011904761904761904,0.13095238095238096,0.0347621409674981,0.154274376417234
2018-02-19,31,3,0,17,0.0967741935483871,0.0,0.5483870967741935,0.0103345280764636,0.366636798088411
2018-02-20,63,0,4,20,0.0,0.06349206349206349,0.31746031746031744,-0.0210925391480947,0.338636459072967
2018-02-21,38,0,6,19,0.0,0.15789473684210525,0.5,-0.0276540071770335,0.22755615364168
2018-02-22,1,0,0,2,0.0,0.0,2.0,0.5,0.2
2018-02-23,26,1,5,6,0.038461538461538464,0.19230769230769232,0.23076923076923078,0.143893745143745,0.267031857031857
2018-02-24,41,2,0,17,0.04878048780487805,0.0,0.4146341463414634,0.0775523527962552,0.171468341956147
2018-02-25,19,0,1,12,0.0,0.05263157894736842,0.631578947368421,0.0635025062656642,0.125563909774436
2018-02-26,11,1,0,4,0.09090909090909091,0.0,0.36363636363636365,0.108924471992654,0.316827364554637
2018-02-27,35,0,3,13,0.0,0.08571428571428572,0.37142857142857144,0.0274603174603175,0.331111111111111
2018-02-28,2,0,0,3,0.0,0.0,1.5,0.40625,0.225
2018-03-01,5,0,1,8,0.0,0.2,1.6,-0.0533333333333333,0.386666666666667
2018-03-02,39,2,1,3,0.05128205128205128,0.02564102564102564,0.07692307692307693,0.0748672623672624,0.249511137011137
2018-03-03,43,9,10,13,0.20930232558139536,0.23255813953488372,0.3023255813953488,0.0312896405919662,0.119291754756871
2018-03-04,40,5,0,3,0.125,0.0,0.075,-0.0339358005275974,0.183553841991342
2018-03-05,70,3,0,12,0.04285714285714286,0.0,0.17142857142857143,0.0824784902597403,0.261558982683983
2018-03-06,72,8,9,27,0.1111111111111111,0.125,0.375,0.0873064724627225,0.234659842472342
2018-03-08,1,1,0,1,1.0,0.0,1.0,0.5,0.2
2018-03-09,15,0,0,5,0.0,0.0,0.3333333333333333,-0.0108333333333333,0.157222222222222
2018-03-10,8,1,0,4,0.125,0.0,0.5,0.148268398268398,0.161201298701299
2018-03-11,4,0,0,2,0.0,0.0,0.5,0.108333333333333,0.583333333333333
2018-03-12,81,3,6,8,0.037037037037037035,0.07407407407407407,0.09876543209876543,-0.0157825165232573,0.230269983788502
2018-03-13,55,1,0,10,0.01818181818181818,0.0,0.18181818181818182,0.0296234684507412,0.24948344483799
2018-03-14,48,1,4,4,0.020833333333333332,0.08333333333333333,0.08333333333333333,0.122407599995491,0.255288374819625
2018-03-15,17,0,0,2,0.0,0.0,0.11764705882352941,0.0331932773109244,0.0760504201680672
2018-03-16,78,3,3,16,0.038461538461538464,0.038461538461538464,0.20512820512820512,0.0549138824138824,0.225780076405076
2018-03-17,28,0,1,6,0.0,0.03571428571428571,0.21428571428571427,-0.0226159474206349,0.275843253968254
2018-03-18,1,0,0,1,0.0,0.0,1.0,0.5,0.2
2018-03-19,96,3,7,19,0.03125,0.07291666666666667,0.19791666666666666,0.0417169450738787,0.223763490560366
2018-03-20,30,0,1,2,0.0,0.03333333333333333,0.06666666666666667,0.0815951178451178,0.297929292929293
2018-03-21,101,1,6,24,0.009900990099009901,0.0594059405940594,0.2376237623762376,0.0359253306283009,0.186680322794184
2018-03-22,20,2,2,7,0.1,0.1,0.35,0.0803409090909091,0.278825757575758
2018-03-23,2,0,0,2,0.0,0.0,1.0,0.0625,0.5625
2018-03-24,47,0,5,3,0.0,0.10638297872340426,0.06382978723404255,0.00599881796690307,0.196394799054374
2018-03-26,104,2,10,20,0.019230769230769232,0.09615384615384616,0.19230769230769232,-0.00674322964362026,0.227554563492063
2018-03-27,45,0,1,4,0.0,0.022222222222222223,0.08888888888888889,-0.00246632996632997,0.118333333333333
2018-03-28,101,2,3,22,0.019801980198019802,0.0297029702970297,0.21782178217821782,0.0250021801630713,0.285670921487753
2018-03-30,32,5,0,15,0.15625,0.0,0.46875,-0.112459468428707,0.333722267316017
2018-04-01,45,0,3,4,0.0,0.06666666666666667,0.08888888888888889,-0.154734647554217,0.440826919993587
2018-04-02,33,0,0,6,0.0,0.0,0.18181818181818182,0.00199848184223184,0.311649175740085
2018-04-03,99,3,3,25,0.030303030303030304,0.030303030303030304,0.25252525252525254,-0.00699806250409943,0.312853590012681
2018-04-04,43,1,1,5,0.023255813953488372,0.023255813953488372,0.11627906976744186,-0.0591722876606598,0.322436155575691
2018-04-05,15,1,0,0,0.06666666666666667,0.0,0.0,-0.139065656565657,0.446540404040404
2018-04-06,100,1,5,16,0.01,0.05,0.16,-0.0530990936147186,0.332119859307359
2018-04-07,34,0,2,18,0.0,0.058823529411764705,0.5294117647058824,0.0888935574229692,0.233501400560224
2018-04-08,35,0,1,4,0.0,0.02857142857142857,0.11428571428571428,-0.0679130591630592,0.300818903318903
2018-04-09,29,4,3,11,0.13793103448275862,0.10344827586206896,0.3793103448275862,0.0419211535590846,0.261371530768083
2018-04-10,25,0,8,11,0.0,0.32,0.44,-0.0276103896103896,0.214896103896104
2018-04-11,1,0,0,2,0.0,0.0,2.0,0.5,0.2
2018-04-12,100,0,58,49,0.0,0.58,0.49,0.00515818903318903,0.31328832972583
2018-04-13,26,4,4,31,0.15384615384615385,0.15384615384615385,1.1923076923076923,-0.121039377289377,0.34617673992674
2018-04-14,2,0,0,2,0.0,0.0,1.0,0.4625,0.525
2018-04-15,55,0,2,14,0.0,0.03636363636363636,0.2545454545454545,0.0284830549816345,0.243921028466483
2018-04-16,49,2,1,11,0.04081632653061224,0.02040816326530612,0.22448979591836735,0.0184433621933622,0.198384353741497
2018-04-17,105,3,6,55,0.02857142857142857,0.05714285714285714,0.5238095238095238,0.0416287277537278,0.194136363636364
2018-04-18,67,0,5,10,0.0,0.07462686567164178,0.14925373134328357,-0.0180165107229007,0.338736243027288
2018-04-19,85,0,3,23,0.0,0.03529411764705882,0.27058823529411763,0.0418684746625923,0.228702996350055
2018-04-20,34,1,4,10,0.029411764705882353,0.11764705882352941,0.29411764705882354,0.0936497326203208,0.224461527035056
2018-04-21,7,0,0,2,0.0,0.0,0.2857142857142857,0.00688775510204082,0.390816326530612
2018-04-22,77,1,2,10,0.012987012987012988,0.025974025974025976,0.12987012987012986,0.00474808380652537,0.211002183242443
2018-04-23,54,1,7,13,0.018518518518518517,0.12962962962962962,0.24074074074074073,0.06450995849144,0.313308236687866
2018-04-24,52,0,0,5,0.0,0.0,0.09615384615384616,0.0136582167832168,0.219886363636364
2018-04-25,91,0,3,13,0.0,0.03296703296703297,0.14285714285714285,0.0669385673849959,0.325975611689897
2018-04-26,56,7,3,6,0.125,0.05357142857142857,0.10714285714285714,0.0466882902150759,0.202911985501271
2018-04-27,15,0,0,2,0.0,0.0,0.13333333333333333,-0.00326388888888888,0.360277777777778
2018-04-29,7,0,0,2,0.0,0.0,0.2857142857142857,0.0142857142857143,0.242857142857143
2018-04-30,14,0,1,0,0.0,0.07142857142857142,0.0,-0.00467032967032967,0.170054945054945
2018-05-01,46,0,1,3,0.0,0.021739130434782608,0.06521739130434782,0.0643284553610641,0.231314307673003
2018-05-03,16,0,1,3,0.0,0.0625,0.1875,-0.0202020202020202,0.262152777777778
2018-05-04,8,0,4,5,0.0,0.5,0.625,-0.0942268668831169,0.442857142857143
2018-05-05,26,0,0,4,0.0,0.0,0.15384615384615385,-0.00371711621711622,0.247298534798535
2018-05-07,1,0,0,0,0.0,0.0,0.0,0.5,0.2
2018-05-08,27,0,3,8,0.0,0.1111111111111111,0.2962962962962963,0.0418490460157127,0.179405162738496
2018-05-09,1,0,0,1,0.0,0.0,1.0,0.5,0.2
2018-05-11,8,3,0,1,0.375,0.0,0.125,0.0828282828282828,0.277020202020202
2018-05-13,100,0,0,14,0.0,0.0,0.14,-0.0338082927489177,0.24559503968254
2018-05-14,30,0,1,8,0.0,0.03333333333333333,0.26666666666666666,0.00102693602693602,0.236296296296296
2018-05-15,26,0,2,2,0.0,0.07692307692307693,0.07692307692307693,0.081002331002331,0.281439393939394
2018-05-17,1,0,0,0,0.0,0.0,0.0,0.5,0.2
2018-05-18,14,1,1,8,0.07142857142857142,0.07142857142857142,0.5714285714285714,0.0530225726654298,0.163108122036693
2018-05-19,1,0,0,2,0.0,0.0,2.0,0.5,0.2
2018-05-21,38,0,0,4,0.0,0.0,0.10526315789473684,0.0612978468899522,0.267719298245614
2018-05-23,1,0,0,1,0.0,0.0,1.0,0.5,0.2
2018-05-25,79,1,3,15,0.012658227848101266,0.0379746835443038,0.189873417721519,0.0701380897583429,0.242635212888377
2018-05-26,55,2,4,12,0.03636363636363636,0.07272727272727272,0.21818181818181817,0.0329545454545454,0.137575757575758
2018-05-27,24,0,0,9,0.0,0.0,0.375,0.0311447811447811,0.167434764309764
2018-05-29,1,0,0,0,0.0,0.0,0.0,0.5,0.2
2018-05-30,12,0,0,0,0.0,0.0,0.0,0.0141662157287157,0.350974025974026
2018-05-31,1,0,0,0,0.0,0.0,0.0,0.5,0.2
2018-06-01,70,1,2,15,0.014285714285714285,0.02857142857142857,0.21428571428571427,-0.0174378994021851,0.191934394970109
2018-06-02,14,0,0,3,0.0,0.0,0.21428571428571427,0.10974025974026,0.221753246753247
2018-06-03,35,0,2,6,0.0,0.05714285714285714,0.17142857142857143,0.00781565656565657,0.295880230880231
2018-06-04,1,0,0,0,0.0,0.0,0.0,0.5,0.2
2018-06-05,32,0,4,5,0.0,0.125,0.15625,0.122230113636364,0.29514678030303
2018-06-06,1,0,0,0,0.0,0.0,0.0,0.5,0.2
2018-06-08,36,2,0,6,0.05555555555555555,0.0,0.16666666666666666,0.08565867003367,0.264478114478114
2018-06-09,24,0,0,8,0.0,0.0,0.3333333333333333,-0.0383680555555556,0.344155092592593
2018-06-10,35,1,0,16,0.02857142857142857,0.0,0.45714285714285713,0.115555555555556,0.269920634920635
2018-06-11,12,0,0,1,0.0,0.0,0.08333333333333333,-0.0995265151515152,0.205397727272727
2018-06-12,1,0,0,0,0.0,0.0,0.0,0.5,0.2
2018-06-13,23,0,3,3,0.0,0.13043478260869565,0.13043478260869565,0.0953557312252964,0.135869565217391
2018-06-14,1,0,0,0,0.0,0.0,0.0,0.5,0.2
2018-06-15,40,0,2,5,0.0,0.05,0.125,0.0293181818181818,0.128181818181818
2018-06-16,42,0,2,11,0.0,0.047619047619047616,0.2619047619047619,0.13729514533086,0.287670068027211
2018-06-17,25,0,0,1,0.0,0.0,0.04,0.0568333333333333,0.126952380952381
2018-06-18,1,0,0,1,0.0,0.0,1.0,0.5,0.2
2018-06-19,78,1,4,6,0.01282051282051282,0.05128205128205128,0.07692307692307693,0.0245639776889777,0.218992118992119
2018-06-20,7,0,0,8,0.0,0.0,1.1428571428571428,0.0193452380952381,0.141666666666667
2018-06-22,8,0,0,1,0.0,0.0,0.125,0.0375,0.05
2018-06-24,1,0,0,0,0.0,0.0,0.0,0.5,0.2
2018-06-25,8,0,0,0,0.0,0.0,0.0,0.0291666666666667,0.495138888888889
2018-06-26,13,0,2,4,0.0,0.15384615384615385,0.3076923076923077,0.0630869130869131,0.287037962037962
2018-06-27,23,0,2,3,0.0,0.08695652173913043,0.13043478260869565,0.0016798418972332,0.179446640316206
2018-06-28,1,0,0,0,0.0,0.0,0.0,0.5,0.2
2018-06-29,39,1,1,4,0.02564102564102564,0.02564102564102564,0.10256410256410256,0.0386752136752137,0.207905982905983
2018-06-30,27,1,3,9,0.037037037037037035,0.1111111111111111,0.3333333333333333,-0.0240740740740741,0.134259259259259
2018-07-02,23,0,0,5,0.0,0.0,0.21739130434782608,0.0316017316017316,0.251129305477132
2018-07-03,7,0,0,1,0.0,0.0,0.14285714285714285,0.0222402597402597,0.196753246753247
2018-07-04,1,0,0,0,0.0,0.0,0.0,0.5,0.2
2018-07-06,1,0,0,0,0.0,0.0,0.0,0.5,0.2
2018-07-07,30,0,2,7,0.0,0.06666666666666667,0.23333333333333334,0.0383080808080808,0.240479797979798
2018-07-10,37,0,1,8,0.0,0.02702702702702703,0.21621621621621623,-0.0124341874341874,0.355888030888031
2018-07-11,15,0,0,5,0.0,0.0,0.3333333333333333,0.194880952380952,0.289603174603175
2018-07-12,60,1,2,10,0.016666666666666666,0.03333333333333333,0.16666666666666666,0.0447979797979798,0.234928451178451
2018-07-13,24,1,1,7,0.041666666666666664,0.041666666666666664,0.2916666666666667,0.00694444444444444,0.0923611111111111
2018-07-14,22,1,1,4,0.045454545454545456,0.045454545454545456,0.18181818181818182,-0.00681818181818182,0.0962121212121212
2018-07-15,3,0,1,4,0.0,0.3333333333333333,1.3333333333333333,0.266666666666667,0.466666666666667
2018-07-16,4,0,0,1,0.0,0.0,0.25,-0.0243055555555555,0.311111111111111
2018-07-17,11,0,0,1,0.0,0.0,0.09090909090909091,-0.0239669421487603,0.0803030303030303
2018-07-18,23,0,0,2,0.0,0.0,0.08695652173913043,0.0117259552042161,0.0907773386034256
2018-07-19,14,0,1,1,0.0,0.07142857142857142,0.07142857142857142,0.0114285714285714,0.0421428571428571
2018-07-20,2,0,0,1,0.0,0.0,0.5,0.0,0.0
2018-07-21,6,0,1,1,0.0,0.16666666666666666,0.16666666666666666,0.168560606060606,0.284090909090909
2018-07-22,3,0,0,1,0.0,0.0,0.3333333333333333,0.1,0.233333333333333
2018-07-23,65,2,2,4,0.03076923076923077,0.03076923076923077,0.06153846153846154,0.0390687437562438,0.202539127539128
2018-07-26,60,0,5,3,0.0,0.08333333333333333,0.05,0.0368668831168831,0.190194805194805
2018-07-27,46,0,0,4,0.0,0.0,0.08695652173913043,0.0618330039525692,0.266114953886693
2018-07-29,12,0,1,3,0.0,0.08333333333333333,0.25,0.0958333333333333,0.141666666666667
2018-07-30,6,1,0,1,0.16666666666666666,0.0,0.16666666666666666,0.0833333333333333,0.291666666666667
2018-07-31,22,0,0,3,0.0,0.0,0.13636363636363635,0.111198019152565,0.19649580217762
2018-08-02,15,0,2,2,0.0,0.13333333333333333,0.13333333333333333,-0.0108080808080808,0.164343434343434
2018-08-03,86,0,2,9,0.0,0.023255813953488372,0.10465116279069768,0.0845879781690101,0.214174734610781
2018-08-04,104,0,0,11,0.0,0.0,0.10576923076923077,0.0481591585497836,0.222490114052614
2018-08-05,74,0,1,6,0.0,0.013513513513513514,0.08108108108108109,0.0642990504709255,0.259352111852112
2018-08-06,67,0,2,9,0.0,0.029850746268656716,0.13432835820895522,0.0204803902565097,0.187384506041222
2018-08-07,24,0,0,2,0.0,0.0,0.08333333333333333,0.00704365079365079,0.0848214285714286
2018-08-08,31,1,0,10,0.03225806451612903,0.0,0.3225806451612903,0.0762748452264581,0.231581948517432
2018-08-09,3,0,0,4,0.0,0.0,1.3333333333333333,0.0916666666666667,0.25
2018-08-11,19,0,0,7,0.0,0.0,0.3684210526315789,0.0796185539606592,0.185034556087188
2018-08-12,63,0,4,9,0.0,0.06349206349206349,0.14285714285714285,-0.0241933221099888,0.191065416065416
2018-08-13,2,0,0,1,0.0,0.0,0.5,-0.1875,0.3125
2018-08-14,56,1,3,5,0.017857142857142856,0.05357142857142857,0.08928571428571429,0.00463000541125541,0.307456259018759
2018-08-15,6,0,1,6,0.0,0.16666666666666666,1.0,0.273863636363636,0.454545454545455
2018-08-19,48,1,2,14,0.020833333333333332,0.041666666666666664,0.2916666666666667,0.0924875428391053,0.233028499278499
2018-08-20,56,1,1,5,0.017857142857142856,0.017857142857142856,0.08928571428571429,-0.0517110733182162,0.2958274281935
2018-08-21,33,0,2,3,0.0,0.06060606060606061,0.09090909090909091,-0.0137249114521842,0.264718614718615
2018-08-22,25,0,1,5,0.0,0.04,0.2,-0.0388148148148148,0.182814814814815
2018-08-24,53,0,0,9,0.0,0.0,0.16981132075471697,0.025704211930627,0.245041384192328
2018-08-31,43,0,0,0,0.0,0.0,0.0,0.0941329826504245,0.162463086009598
2018-09-03,13,0,0,2,0.0,0.0,0.15384615384615385,0.0955128205128205,0.191300366300366
2018-09-04,26,0,2,6,0.0,0.07692307692307693,0.23076923076923078,0.00975135975135976,0.11996891996892
2018-09-05,86,0,0,4,0.0,0.0,0.046511627906976744,0.0372379316420014,0.228713002114165
2018-09-06,51,0,0,3,0.0,0.0,0.058823529411764705,0.00732676909147497,0.252944713238831
2018-09-07,2,0,1,1,0.0,0.5,0.5,0.0,0.0
2018-09-09,38,0,0,3,0.0,0.0,0.07894736842105263,0.106559011164274,0.287981791600213
2018-09-10,56,0,1,10,0.0,0.017857142857142856,0.17857142857142858,0.0610290404040404,0.24327380952381
2018-09-11,4,0,1,1,0.0,0.25,0.25,-0.0829545454545455,0.3625
2018-09-12,25,1,1,18,0.04,0.04,0.72,0.0120353535353535,0.313000144300144
2018-09-13,7,0,0,1,0.0,0.0,0.14285714285714285,-0.139508928571429,0.142857142857143
2018-09-14,28,0,0,9,0.0,0.0,0.32142857142857145,0.0637046485260771,0.214824263038549
2018-09-20,4,0,0,0,0.0,0.0,0.0,0.20625,0.266666666666667
2018-09-21,49,0,0,3,0.0,0.0,0.061224489795918366,-0.0227556173984745,0.143743558029272
2018-09-22,44,0,3,18,0.0,0.06818181818181818,0.4090909090909091,0.0955578512396694,0.255239898989899
2018-09-23,32,0,0,11,0.0,0.0,0.34375,0.0847182765151515,0.181344696969697
2018-09-24,41,0,3,4,0.0,0.07317073170731707,0.0975609756097561,0.0373261964153732,0.298891352549889
2018-09-25,76,2,3,12,0.02631578947368421,0.039473684210526314,0.15789473684210525,0.0597886762360447,0.284876015797068
2018-09-27,68,1,0,10,0.014705882352941176,0.0,0.14705882352941177,0.0400958110516934,0.175428921568627
2018-09-28,9,1,0,0,0.1111111111111111,0.0,0.0,0.170241477272727,0.243181818181818
2018-09-29,56,0,1,4,0.0,0.017857142857142856,0.07142857142857142,0.118874813182849,0.286295673572459
2018-09-30,3,0,0,0,0.0,0.0,0.0,0.166666666666667,0.333333333333333
2018-10-01,32,2,1,2,0.0625,0.03125,0.0625,-0.0255003156565657,0.220252525252525
2018-10-02,20,1,1,4,0.05,0.05,0.2,0.0188888888888889,0.295694444444444
2018-10-03,11,0,0,1,0.0,0.0,0.09090909090909091,-0.0575757575757576,0.142424242424242
2018-10-04,16,0,0,1,0.0,0.0,0.0625,-0.00559275793650794,0.14952876984127
2018-10-05,50,1,1,3,0.02,0.02,0.06,0.052222582972583,0.225690476190476
2018-10-07,17,2,0,2,0.11764705882352941,0.0,0.11764705882352941,-0.0583333333333333,0.179411764705882
2018-10-08,36,0,4,14,0.0,0.1111111111111111,0.3888888888888889,0.0485605058521725,0.250346721180055
2018-10-11,27,0,0,15,0.0,0.0,0.5555555555555556,0.131018518518519,0.281018518518519
2018-10-12,8,0,0,2,0.0,0.0,0.25,-0.003125,0.071875
2018-10-14,43,1,1,10,0.023255813953488372,0.023255813953488372,0.23255813953488372,0.0395818651632605,0.140650692976274
2018-10-15,44,1,0,3,0.022727272727272728,0.0,0.06818181818181818,0.0929099414894869,0.273586535518354
2018-10-16,48,1,2,7,0.020833333333333332,0.041666666666666664,0.14583333333333334,0.060739200036075,0.25511559042809
2018-10-18,1,0,0,0,0.0,0.0,0.0,0.0,0.0
2018-10-22,1,0,0,1,0.0,0.0,1.0,0.133333333333333,0.322222222222222
2018-10-25,5,0,0,2,0.0,0.0,0.4,-0.133333333333333,0.926666666666667
2018-10-29,1,0,0,0,0.0,0.0,0.0,0.35,0.55
2018-11-09,6,0,1,3,0.0,0.16666666666666666,0.5,0.1375,0.177777777777778
2018-11-10,1,0,0,0,0.0,0.0,0.0,0.35,0.55
2018-11-11,2,1,0,0,0.5,0.0,0.0,0.0681818181818182,0.227272727272727
2018-11-12,3,0,0,1,0.0,0.0,0.3333333333333333,0.2,0.422222222222222
2018-11-16,1,0,0,1,0.0,0.0,1.0,-1.0,1.0
2018-11-18,1,0,0,0,0.0,0.0,0.0,-0.125,0.125
2018-11-19,51,0,17,7,0.0,0.3333333333333333,0.13725490196078433,-0.0079384531590414,0.115874430580313
2018-11-20,5,0,0,0,0.0,0.0,0.0,0.33,0.35
2018-11-21,20,2,1,0,0.1,0.05,0.0,0.00594696969696969,0.31530303030303
2018-11-22,12,0,1,1,0.0,0.08333333333333333,0.08333333333333333,0.0652304292929293,0.119823232323232
2018-11-24,14,0,2,4,0.0,0.14285714285714285,0.2857142857142857,-0.0357142857142857,0.251190476190476
2018-11-25,30,2,7,6,0.06666666666666667,0.23333333333333334,0.2,0.0418181818181818,0.149393939393939
2018-11-26,17,1,2,6,0.058823529411764705,0.11764705882352941,0.35294117647058826,-0.0370012340600576,0.277567530508707
2018-11-27,14,2,0,1,0.14285714285714285,0.0,0.07142857142857142,0.0849206349206349,0.369345238095238
2018-11-28,57,4,7,5,0.07017543859649122,0.12280701754385964,0.08771929824561403,0.0497860813650287,0.182240006582112
2018-11-29,48,1,3,20,0.020833333333333332,0.0625,0.4166666666666667,-0.0567435421927609,0.298973364598365
2018-11-30,34,2,1,7,0.058823529411764705,0.029411764705882353,0.20588235294117646,0.0777926322043969,0.192015745692216
2018-12-03,44,3,1,11,0.06818181818181818,0.022727272727272728,0.25,0.11813277000777,0.313721833721834
2018-12-04,37,1,7,13,0.02702702702702703,0.1891891891891892,0.35135135135135137,0.0428393537768538,0.239108339108339
2018-12-05,12,0,0,5,0.0,0.0,0.4166666666666667,0.135227272727273,0.308017676767677
2018-12-06,6,0,0,1,0.0,0.0,0.16666666666666666,0.0833333333333333,0.316666666666667
2018-12-07,46,0,3,19,0.0,0.06521739130434782,0.41304347826086957,0.0902475845410628,0.274022837066315
2018-12-08,9,0,0,4,0.0,0.0,0.4444444444444444,0.120457175925926,0.290740740740741
2018-12-09,3,2,3,10,0.6666666666666666,1.0,3.3333333333333335,-0.0277777777777778,0.0722222222222222
2018-12-10,22,0,1,1,0.0,0.045454545454545456,0.045454545454545456,0.0362431129476584,0.137345041322314
2018-12-11,2,0,0,0,0.0,0.0,0.0,0.00919312169312168,0.28207671957672
2018-12-12,4,0,0,0,0.0,0.0,0.0,-0.003125,0.219791666666667
2018-12-14,2,0,0,0,0.0,0.0,0.0,0.0,0.0
2018-12-15,2,0,0,0,0.0,0.0,0.0,0.125,0.25
2018-12-17,7,0,0,0,0.0,0.0,0.0,0.0430735930735931,0.204761904761905
2018-12-18,3,0,0,0,0.0,0.0,0.0,-0.196759259259259,0.366203703703704
2018-12-24,22,1,4,6,0.045454545454545456,0.18181818181818182,0.2727272727272727,0.0323106060606061,0.175833333333333
2018-12-25,8,0,2,2,0.0,0.25,0.25,0.075,0.304166666666667
2018-12-26,7,0,0,1,0.0,0.0,0.14285714285714285,-0.0714285714285714,0.157142857142857
2018-12-27,6,0,0,3,0.0,0.0,0.5,0.0833333333333333,0.0833333333333333
2018-12-28,2,0,0,2,0.0,0.0,1.0,0.0,0.0
2018-12-29,1,0,0,1,0.0,0.0,1.0,1.0,1.0
2018-12-30,44,0,1,6,0.0,0.022727272727272728,0.13636363636363635,-0.00528007346189165,0.197618227731864
2018-12-31,4,0,0,0,0.0,0.0,0.0,-0.237784090909091,0.719886363636364
2019-01-01,35,0,1,9,0.0,0.02857142857142857,0.2571428571428571,0.0662103174603174,0.254563492063492
2019-01-02,19,0,0,10,0.0,0.0,0.5263157894736842,-0.0213174982911825,0.248991797676008
2019-01-03,27,1,2,12,0.037037037037037035,0.07407407407407407,0.4444444444444444,0.124747474747475,0.192368125701459
2019-01-04,32,0,0,8,0.0,0.0,0.25,-0.0134982638888889,0.317664930555556
2019-01-05,13,0,0,3,0.0,0.0,0.23076923076923078,0.0581730769230769,0.119230769230769
2019-01-06,39,2,2,12,0.05128205128205128,0.05128205128205128,0.3076923076923077,0.0154022193084693,0.260955710955711
2019-01-07,18,0,1,6,0.0,0.05555555555555555,0.3333333333333333,0.0590838945005612,0.229096520763187
2019-01-08,26,1,0,8,0.038461538461538464,0.0,0.3076923076923077,0.0799679487179487,0.256803613053613
2019-01-09,41,3,1,26,0.07317073170731707,0.024390243902439025,0.6341463414634146,0.138184692452985,0.23281339820974
2019-01-10,7,0,0,1,0.0,0.0,0.14285714285714285,0.0602678571428571,0.257142857142857
2019-01-11,29,0,1,5,0.0,0.034482758620689655,0.1724137931034483,0.0357998084291188,0.196743295019157
2019-01-12,11,0,0,1,0.0,0.0,0.09090909090909091,-0.0673553719008265,0.290065426997245
2019-01-13,5,0,0,0,0.0,0.0,0.0,0.06,0.2
2019-01-15,11,0,0,0,0.0,0.0,0.0,-0.1,0.259090909090909
2019-01-16,41,1,5,8,0.024390243902439025,0.12195121951219512,0.1951219512195122,0.152699527775747,0.303693833267004
2019-01-17,2,0,2,1,0.0,1.0,0.5,0.0237373737373737,0.417361111111111
2019-01-18,41,1,2,4,0.024390243902439025,0.04878048780487805,0.0975609756097561,0.177067275542885,0.394203797557456
2019-01-20,48,2,5,7,0.041666666666666664,0.10416666666666667,0.14583333333333334,0.102347695707071,0.271306818181818
2019-01-21,14,0,0,6,0.0,0.0,0.42857142857142855,0.0317640692640693,0.301515151515152
2019-01-22,2,0,0,1,0.0,0.0,0.5,0.208333333333333,0.408333333333333
2019-01-23,17,1,0,10,0.058823529411764705,0.0,0.5882352941176471,0.194741532976827,0.260516934046346
2019-01-24,19,3,1,3,0.15789473684210525,0.05263157894736842,0.15789473684210525,0.0512061403508772,0.171929824561404
2019-01-25,19,0,1,7,0.0,0.05263157894736842,0.3684210526315789,0.0919407894736842,0.326315789473684
2019-01-26,23,0,0,1,0.0,0.0,0.043478260869565216,-0.00466485507246376,0.441304347826087
2019-01-27,25,0,1,4,0.0,0.04,0.16,0.173444444444444,0.343777777777778
2019-01-28,53,3,4,6,0.05660377358490566,0.07547169811320754,0.11320754716981132,0.0705923793187944,0.227760761251327
2019-01-31,1,0,0,0,0.0,0.0,0.0,0.4,0.8
2019-02-02,1,1,1,0,1.0,1.0,0.0,0.4,0.8
2019-02-03,38,3,1,6,0.07894736842105263,0.02631578947368421,0.15789473684210525,-0.0090311004784689,0.125777511961722
2019-02-04,44,1,1,2,0.022727272727272728,0.022727272727272728,0.045454545454545456,-0.0361268939393939,0.197537878787879
2019-02-05,10,1,1,1,0.1,0.1,0.1,-0.0219886363636363,0.162121212121212
2019-02-06,80,4,5,7,0.05,0.0625,0.0875,0.0140080492424242,0.247018097643098
2019-02-10,3,0,2,2,0.0,0.6666666666666666,0.6666666666666666,0.298958333333333,0.366666666666667
2019-02-11,61,0,1,6,0.0,0.01639344262295082,0.09836065573770492,0.109205343836491,0.279976580796253
2019-02-12,14,1,1,1,0.07142857142857142,0.07142857142857142,0.07142857142857142,-0.0408053751803752,0.324531024531025
2019-02-13,27,1,1,4,0.037037037037037035,0.037037037037037035,0.14814814814814814,-0.0189814814814815,0.144444444444444
2019-02-15,8,1,0,3,0.125,0.0,0.375,-0.0810606060606061,0.265909090909091
2019-02-18,11,0,1,0,0.0,0.09090909090909091,0.0,-0.0557851239669422,0.336776859504132
2019-02-19,21,0,3,4,0.0,0.14285714285714285,0.19047619047619047,-0.0267857142857143,0.273809523809524
2019-02-20,61,1,1,6,0.01639344262295082,0.01639344262295082,0.09836065573770492,0.0245573358790572,0.192288676714906
2019-02-22,19,2,0,2,0.10526315789473684,0.0,0.10526315789473684,-0.000518341307814998,0.200518341307815
2019-02-23,11,0,0,2,0.0,0.0,0.18181818181818182,0.0320936639118457,0.253443526170799
2019-02-24,41,1,1,7,0.024390243902439025,0.024390243902439025,0.17073170731707318,0.0475273202407349,0.218870763382959
2019-02-25,17,0,0,0,0.0,0.0,0.0,0.0071078431372549,0.140196078431373
2019-02-26,48,1,1,1,0.020833333333333332,0.020833333333333332,0.020833333333333332,0.0380366161616162,0.216721906565657
2019-02-27,32,0,0,5,0.0,0.0,0.15625,-0.00359059343434343,0.253728693181818
2019-02-28,1,0,0,1,0.0,0.0,1.0,0.0,0.0
2019-03-02,22,0,0,0,0.0,0.0,0.0,-0.0774793388429752,0.131887052341598
2019-03-03,52,0,2,3,0.0,0.038461538461538464,0.057692307692307696,-0.0175035612535612,0.189779202279202
2019-03-04,14,0,2,3,0.0,0.14285714285714285,0.21428571428571427,-0.0238095238095238,0.133333333333333
2019-03-05,23,1,0,0,0.043478260869565216,0.0,0.0,0.0649868247694335,0.203820816864295
2019-03-06,20,1,0,1,0.05,0.0,0.05,-0.0375883838383838,0.262228535353535
2019-03-09,2,0,0,0,0.0,0.0,0.0,0.0,0.0
2019-03-10,9,1,5,2,0.1111111111111111,0.5555555555555556,0.2222222222222222,0.0972222222222222,0.111111111111111
2019-03-11,14,0,0,2,0.0,0.0,0.14285714285714285,0.0899305555555556,0.259920634920635
2019-03-12,57,1,2,13,0.017543859649122806,0.03508771929824561,0.22807017543859648,-0.00560705741626794,0.160805422647528
2019-03-13,27,1,1,1,0.037037037037037035,0.037037037037037035,0.037037037037037035,0.000257201646090538,0.206069958847737
2019-03-14,73,2,1,3,0.0273972602739726,0.0136986301369863,0.0410958904109589,0.104734342426979,0.254369241869242
2019-03-15,64,3,1,9,0.046875,0.015625,0.140625,-0.000489161988185428,0.203340886544012
2019-03-16,3,0,0,2,0.0,0.0,0.6666666666666666,0.515625,0.516666666666667
2019-03-18,43,3,0,8,0.06976744186046512,0.0,0.18604651162790697,0.061532266183429,0.261955099164402
2019-03-20,89,0,2,10,0.0,0.02247191011235955,0.11235955056179775,-0.021961786555361,0.315067812961071
2019-03-21,1,0,0,1,0.0,0.0,1.0,0.4,0.8
2019-03-24,27,1,3,6,0.037037037037037035,0.1111111111111111,0.2222222222222222,0.0250514403292181,0.114969135802469
2019-03-25,64,0,0,9,0.0,0.0,0.140625,0.0405835700757576,0.193909801136364
2019-03-27,8,0,0,0,0.0,0.0,0.0,0.102982954545455,0.180776515151515
2019-03-28,12,1,0,5,0.08333333333333333,0.0,0.4166666666666667,-0.0416666666666667,0.0708333333333333
2019-03-29,31,1,1,4,0.03225806451612903,0.03225806451612903,0.12903225806451613,-0.00201409253828607,0.317416096448355
2019-03-30,31,0,0,11,0.0,0.0,0.3548387096774194,0.0532819480400126,0.19941660788435
2019-04-01,11,1,0,3,0.09090909090909091,0.0,0.2727272727272727,-0.0740109427609428,0.147053872053872
2019-04-02,34,3,3,2,0.08823529411764706,0.08823529411764706,0.058823529411764705,0.0672150425826896,0.130486234898
2019-04-03,46,10,4,16,0.21739130434782608,0.08695652173913043,0.34782608695652173,0.0240346609911827,0.288175061653323
2019-04-04,13,3,1,4,0.23076923076923078,0.07692307692307693,0.3076923076923077,-0.00128205128205129,0.147435897435897
2019-04-05,19,2,1,10,0.10526315789473684,0.05263157894736842,0.5263157894736842,0.0571172248803828,0.165470494417863
2019-04-06,11,1,3,5,0.09090909090909091,0.2727272727272727,0.45454545454545453,-0.159090909090909,0.371212121212121
2019-04-07,51,3,3,14,0.058823529411764705,0.058823529411764705,0.27450980392156865,-0.0193264269091475,0.260340802987862
2019-04-08,33,1,2,39,0.030303030303030304,0.06060606060606061,1.1818181818181819,-0.0251595206140661,0.260557792375974
2019-04-09,7,1,1,2,0.14285714285714285,0.14285714285714285,0.2857142857142857,-0.028030303030303,0.26969696969697
2019-04-10,2,0,0,0,0.0,0.0,0.0,-0.0694444444444444,0.305555555555556
2019-04-11,1,0,0,0,0.0,0.0,0.0,0.0,0.0
2019-04-12,3,3,0,0,1.0,0.0,0.0,0.0277777777777778,0.327777777777778
2019-04-14,18,2,1,8,0.1111111111111111,0.05555555555555555,0.4444444444444444,-0.077300785634119,0.212654320987654
2019-04-15,26,0,2,9,0.0,0.07692307692307693,0.34615384615384615,0.00273649961149961,0.206317987567988
2019-04-16,57,2,0,9,0.03508771929824561,0.0,0.15789473684210525,0.0786914636695338,0.303493379589871
2019-04-17,80,4,2,39,0.05,0.025,0.4875,0.0324611108586328,0.262478956228956
2019-04-18,27,0,0,5,0.0,0.0,0.18518518518518517,-0.0672816708754209,0.333316498316498
2019-04-19,28,1,5,0,0.03571428571428571,0.17857142857142858,0.0,0.0514665951607916,0.255590986394558
2019-04-20,29,1,3,6,0.034482758620689655,0.10344827586206896,0.20689655172413793,0.00505921281783351,0.239080459770115
2019-04-21,11,0,0,0,0.0,0.0,0.0,-0.00146134641873279,0.272073002754821
2019-04-22,1,0,0,1,0.0,0.0,1.0,0.0,0.0
2019-04-23,16,0,0,1,0.0,0.0,0.0625,0.076416015625,0.228125
2019-04-24,15,0,0,4,0.0,0.0,0.26666666666666666,0.000666666666666671,0.222666666666667
2019-04-25,30,0,3,7,0.0,0.1,0.23333333333333334,0.0499675324675325,0.136360028860029
2019-04-26,1,0,0,0,0.0,0.0,0.0,-0.1,0.6
2019-04-27,3,1,2,11,0.3333333333333333,0.6666666666666666,3.6666666666666665,-0.2,0.466666666666667
2019-05-01,47,0,1,13,0.0,0.02127659574468085,0.2765957446808511,0.0693103143901016,0.280646126922723
2019-05-02,33,1,0,24,0.030303030303030304,0.0,0.7272727272727273,0.103344046525865,0.269268441995715
2019-05-03,8,0,0,0,0.0,0.0,0.0,0.19375,0.45625
2019-05-04,3,0,0,0,0.0,0.0,0.0,0.0111111111111111,0.211111111111111
2019-05-05,8,0,0,0,0.0,0.0,0.0,0.046875,0.0916666666666667
2019-05-07,12,0,0,4,0.0,0.0,0.3333333333333333,-0.091087962962963,0.366435185185185
2019-05-09,15,1,0,0,0.06666666666666667,0.0,0.0,0.093989898989899,0.196818181818182
2019-05-11,3,0,0,0,0.0,0.0,0.0,0.0642045454545454,0.608333333333333
2019-05-12,24,1,5,6,0.041666666666666664,0.20833333333333334,0.25,0.0700892857142857,0.213194444444444
2019-05-13,23,1,0,0,0.043478260869565216,0.0,0.0,0.105324989020641,0.363180720245938
2019-05-14,22,0,0,5,0.0,0.0,0.22727272727272727,0.0739677620359439,0.370133149678604
2019-05-15,30,1,2,0,0.03333333333333333,0.06666666666666667,0.0,0.0558297258297258,0.414638347763348
2019-05-16,28,0,0,1,0.0,0.0,0.03571428571428571,-0.00433673469387755,0.265603741496599
2019-05-17,19,0,1,3,0.0,0.05263157894736842,0.15789473684210525,0.025786056049214,0.314838231943495
2019-05-19,16,0,1,12,0.0,0.0625,0.75,-0.0477351641414141,0.409343434343434
2019-05-20,19,0,2,7,0.0,0.10526315789473684,0.3684210526315789,-0.0111542824865193,0.353184932027037
2019-05-21,37,0,0,4,0.0,0.0,0.10810810810810811,0.063482800982801,0.193693693693694
2019-05-22,37,0,0,1,0.0,0.0,0.02702702702702703,0.0705459365615616,0.162762762762763
2019-05-23,8,0,0,0,0.0,0.0,0.0,0.0901041666666667,0.428125
2019-05-24,13,0,0,1,0.0,0.0,0.07692307692307693,-0.0189005439005439,0.256765883688961
2019-05-28,32,0,3,6,0.0,0.09375,0.1875,0.127039535984848,0.242211174242424
2019-05-29,66,0,1,23,0.0,0.015151515151515152,0.3484848484848485,0.0425562442607897,0.271504820936639
2019-05-31,49,1,0,5,0.02040816326530612,0.0,0.10204081632653061,0.0156514120799835,0.156952174809318
2019-06-01,11,1,0,0,0.09090909090909091,0.0,0.0,0.0723140495867769,0.352272727272727
2019-06-02,18,0,0,1,0.0,0.0,0.05555555555555555,0.0218074845679012,0.484104938271605
2019-06-03,95,1,1,11,0.010526315789473684,0.010526315789473684,0.11578947368421053,0.0408179685811265,0.354039805224016
2019-06-04,18,0,1,8,0.0,0.05555555555555555,0.4444444444444444,0.0759219175885843,0.180665784832452
2019-06-05,12,0,0,0,0.0,0.0,0.0,0.0877249053030303,0.292424242424242
2019-06-06,12,0,1,1,0.0,0.08333333333333333,0.08333333333333333,0.137752525252525,0.301073232323232
2019-06-09,4,1,1,6,0.25,0.25,1.5,0.1875,0.2125
2019-06-10,71,2,0,10,0.028169014084507043,0.0,0.14084507042253522,0.0817753829373548,0.325366458007303
2019-06-12,79,1,2,14,0.012658227848101266,0.02531645569620253,0.17721518987341772,0.0601378157707272,0.313639126344823
2019-06-13,3,0,0,1,0.0,0.0,0.3333333333333333,0.1,0.0666666666666667
2019-06-17,36,0,0,5,0.0,0.0,0.1388888888888889,0.0706860269360269,0.242410213243547
2019-06-18,44,1,2,14,0.022727272727272728,0.045454545454545456,0.3181818181818182,0.0947286378394333,0.283725239407058
2019-06-19,14,0,2,1,0.0,0.14285714285714285,0.07142857142857142,0.0551213667285096,0.192443568336425
2019-06-21,10,0,1,8,0.0,0.1,0.8,0.195,0.563333333333333
2019-06-25,9,0,0,0,0.0,0.0,0.0,0.180555555555556,0.42962962962963
2019-06-26,4,0,0,1,0.0,0.0,0.25,0.18125,0.641666666666667
2019-06-28,47,0,1,5,0.0,0.02127659574468085,0.10638297872340426,0.0425894584139265,0.180085428755642
2019-06-29,24,2,0,2,0.08333333333333333,0.0,0.08333333333333333,-0.0336474867724868,0.178373015873016
2019-06-30,3,1,0,0,0.3333333333333333,0.0,0.0,0.349166666666667,0.755
2019-07-01,13,0,2,2,0.0,0.15384615384615385,0.15384615384615385,-0.0575507825507825,0.213536463536464
2019-07-02,44,0,6,8,0.0,0.13636363636363635,0.18181818181818182,0.0414928762052342,0.216098484848485
2019-07-03,30,3,0,4,0.1,0.0,0.13333333333333333,0.154854572510822,0.375952380952381
2019-07-04,4,0,0,1,0.0,0.0,0.25,-0.0599609375,0.41875
2019-07-05,5,0,1,1,0.0,0.2,0.2,0.192,0.185333333333333
2019-07-06,26,1,1,0,0.038461538461538464,0.038461538461538464,0.0,0.0791466346153846,0.376923076923077
2019-07-07,6,1,0,0,0.16666666666666666,0.0,0.0,-0.05,0.432638888888889
2019-07-08,60,0,2,11,0.0,0.03333333333333333,0.18333333333333332,0.0642757709473204,0.233385541927209
2019-07-09,36,1,2,4,0.027777777777777776,0.05555555555555555,0.1111111111111111,0.00860840548340549,0.178099446849447
2019-07-10,28,0,0,1,0.0,0.0,0.03571428571428571,-0.0257448528653886,0.307875953411668
2019-07-11,20,0,1,2,0.0,0.05,0.1,0.120871212121212,0.330681818181818
2019-07-12,21,0,1,5,0.0,0.047619047619047616,0.23809523809523808,0.0421072974644403,0.0727272727272727
2019-07-13,23,1,1,0,0.043478260869565216,0.043478260869565216,0.0,0.0167215634606939,0.212823891084761
2019-07-14,18,2,2,3,0.1111111111111111,0.1111111111111111,0.16666666666666666,0.000841750841750842,0.288888888888889
2019-07-15,35,1,1,1,0.02857142857142857,0.02857142857142857,0.02857142857142857,0.00873866213151928,0.278421201814059
2019-07-16,15,1,0,4,0.06666666666666667,0.0,0.26666666666666666,0.1875,0.382962962962963
2019-07-17,7,0,0,1,0.0,0.0,0.14285714285714285,0.114285714285714,0.210714285714286
2019-07-18,45,0,0,3,0.0,0.0,0.06666666666666667,0.0782098765432099,0.260890652557319
2019-07-19,4,0,0,4,0.0,0.0,1.0,-0.078125,0.25
2019-07-20,2,0,0,0,0.0,0.0,0.0,0.370833333333333,0.691666666666667
2019-08-05,3,2,0,2,0.6666666666666666,0.0,0.6666666666666666,0.380555555555556,0.727777777777778
2019-08-19,36,0,0,3,0.0,0.0,0.08333333333333333,0.0345704064454064,0.273364598364598
2019-08-20,39,1,0,9,0.02564102564102564,0.0,0.23076923076923078,0.0244451121794872,0.170790598290598
2019-08-21,32,0,0,9,0.0,0.0,0.28125,-0.021742536976912,0.278707837301587
2019-08-22,10,0,0,0,0.0,0.0,0.0,0.0476767676767677,0.162171717171717
2019-08-23,15,0,2,0,0.0,0.13333333333333333,0.0,0.0702719155844156,0.238088023088023
2019-08-24,33,1,2,8,0.030303030303030304,0.06060606060606061,0.24242424242424243,0.0730218855218855,0.314856902356902
2019-08-25,22,1,0,2,0.045454545454545456,0.0,0.09090909090909091,0.0371900826446281,0.220557851239669
2019-08-26,61,0,2,5,0.0,0.03278688524590164,0.08196721311475409,0.0544868411415542,0.177321130599819
2019-08-28,3,0,0,0,0.0,0.0,0.0,0.0,0.0
2019-08-29,32,0,1,1,0.0,0.03125,0.03125,0.0624600497159091,0.310310132575758
2019-08-30,10,0,0,1,0.0,0.0,0.1,-0.0295454545454545,0.383560606060606
2019-09-02,49,0,2,12,0.0,0.04081632653061224,0.24489795918367346,0.130112716082104,0.362495950761257
2019-09-03,4,0,0,1,0.0,0.0,0.25,0.465439833603896,0.541666666666667
2019-09-04,33,0,1,6,0.0,0.030303030303030304,0.18181818181818182,0.0598714416896235,0.260123966942149
2019-09-05,6,0,1,0,0.0,0.16666666666666666,0.0,0.0854166666666667,0.627777777777778
2019-09-06,2,0,0,0,0.0,0.0,0.0,0.175,0.275
2019-09-07,22,1,0,0,0.045454545454545456,0.0,0.0,-0.018595041322314,0.125068870523416
2019-09-08,97,0,1,10,0.0,0.010309278350515464,0.10309278350515463,0.0735141548028146,0.334055577870011
2019-09-09,3,0,0,0,0.0,0.0,0.0,-0.00277777777777777,0.577777777777778
2019-09-10,80,0,7,13,0.0,0.0875,0.1625,0.0643774970689033,0.240605045995671
2019-09-11,27,1,0,0,0.037037037037037035,0.0,0.0,0.0259364478114478,0.192382154882155
2019-09-12,6,0,4,1,0.0,0.6666666666666666,0.16666666666666666,-0.266666666666667,0.333333333333333
2019-09-13,6,0,1,1,0.0,0.16666666666666666,0.16666666666666666,0.133333333333333,0.208333333333333
2019-09-14,25,0,0,3,0.0,0.0,0.12,0.0461414141414141,0.393833333333333
2019-09-15,26,0,0,1,0.0,0.0,0.038461538461538464,0.0709726615976616,0.32209225959226
2019-09-16,6,0,0,0,0.0,0.0,0.0,-0.0409722222222222,0.333333333333333
2019-09-17,15,4,0,2,0.26666666666666666,0.0,0.13333333333333333,-0.0163636363636364,0.211818181818182
2019-09-18,51,1,1,3,0.0196078431372549,0.0196078431372549,0.058823529411764705,0.0445296805590923,0.246700902583256
2019-09-19,20,0,4,3,0.0,0.2,0.15,0.0547274831649832,0.254814814814815
2019-09-20,53,0,3,5,0.0,0.05660377358490566,0.09433962264150944,-0.00476802220316372,0.222135982466171
2019-09-21,6,0,0,0,0.0,0.0,0.0,0.123232323232323,0.473737373737374
2019-09-22,22,0,0,0,0.0,0.0,0.0,0.0876492194674013,0.175711662075298
2019-09-23,52,0,2,11,0.0,0.038461538461538464,0.21153846153846154,-0.0124178685897436,0.27042735042735
2019-09-24,99,1,2,2,0.010101010101010102,0.020202020202020204,0.020202020202020204,0.000402594973302041,0.173869947859847
2019-09-25,100,0,1,5,0.0,0.01,0.05,0.0386989350348725,0.257385762385762
2019-09-26,43,1,0,2,0.023255813953488372,0.0,0.046511627906976744,0.120053245634641,0.200923968365829
2019-09-27,36,0,0,1,0.0,0.0,0.027777777777777776,0.0207809744268078,0.223754409171076
2019-09-28,1,1,0,1,1.0,0.0,1.0,-0.7,0.666666666666667
2019-09-30,58,0,3,6,0.0,0.05172413793103448,0.10344827586206896,-0.00280752931615001,0.209697550214792
2019-10-01,48,2,0,2,0.041666666666666664,0.0,0.041666666666666664,0.122802429052429,0.308895126863877
2019-10-02,66,0,0,0,0.0,0.0,0.0,0.0501935143980599,0.209683372183372
2019-10-03,15,0,0,0,0.0,0.0,0.0,0.13,0.181666666666667
2019-10-05,16,0,0,0,0.0,0.0,0.0,0.251031309185606,0.421354166666667
2019-10-06,34,0,0,2,0.0,0.0,0.058823529411764705,0.0567401960784314,0.271895424836601
2019-10-07,2,0,0,0,0.0,0.0,0.0,0.0,0.0
2019-10-08,19,4,0,6,0.21052631578947367,0.0,0.3157894736842105,0.176691729323308,0.478947368421053
2019-10-09,50,0,1,9,0.0,0.02,0.18,0.0688012310606061,0.280064502164502
2019-10-10,70,2,4,4,0.02857142857142857,0.05714285714285714,0.05714285714285714,0.0651502267573696,0.302454648526077
2019-10-13,14,0,0,0,0.0,0.0,0.0,0.0732142857142857,0.166666666666667
2019-10-14,19,0,0,0,0.0,0.0,0.0,0.0899122807017544,0.223954116059379
2019-10-15,33,0,1,2,0.0,0.030303030303030304,0.06060606060606061,0.113082750582751,0.214491064491064
2019-10-16,41,0,0,5,0.0,0.0,0.12195121951219512,0.0655687977334319,0.290330130574033
2019-10-17,78,0,2,11,0.0,0.02564102564102564,0.14102564102564102,0.0965771497021497,0.264439264439264
2019-10-18,2,0,0,0,0.0,0.0,0.0,0.125,0.2
2019-10-19,15,0,1,3,0.0,0.06666666666666667,0.2,0.0370214045214045,0.260406445406445
2019-10-20,36,1,3,11,0.027777777777777776,0.08333333333333333,0.3055555555555556,0.00977753727753728,0.269207752124419
2019-10-21,18,1,1,2,0.05555555555555555,0.05555555555555555,0.1111111111111111,0.0117739898989899,0.164941077441077
2019-10-22,13,0,1,0,0.0,0.07692307692307693,0.0,0.107692307692308,0.207478632478632
2019-10-23,56,0,3,4,0.0,0.05357142857142857,0.07142857142857142,0.105675215161822,0.187262613378685
2019-10-25,2,0,0,0,0.0,0.0,0.0,0.4625,0.314583333333333
2019-10-26,11,1,1,0,0.09090909090909091,0.09090909090909091,0.0,0.0529761904761905,0.282395382395382
2019-10-27,57,1,2,10,0.017543859649122806,0.03508771929824561,0.17543859649122806,0.050382759297233,0.318889458494722
2019-10-28,27,0,0,0,0.0,0.0,0.0,0.0701967592592593,0.27139504014504
2019-10-29,11,1,1,0,0.09090909090909091,0.09090909090909091,0.0,-0.082221250971251,0.189180264180264
2019-10-30,75,1,1,7,0.013333333333333334,0.013333333333333334,0.09333333333333334,0.0919583032708032,0.316927368927369
2019-10-31,29,2,1,4,0.06896551724137931,0.034482758620689655,0.13793103448275862,0.0899512365029606,0.231243469174504
2019-11-02,1,0,0,0,0.0,0.0,0.0,0.170454545454545,0.454545454545455
2019-11-03,30,0,0,2,0.0,0.0,0.06666666666666667,-0.12775462962963,0.367222222222222
2019-11-04,33,0,0,0,0.0,0.0,0.0,0.042470744743472,0.342063407972499
2019-11-05,32,2,2,5,0.0625,0.0625,0.15625,0.0546480429292929,0.298052793560606
2019-11-06,24,1,0,1,0.041666666666666664,0.0,0.041666666666666664,-0.00912510521885522,0.266372053872054
2019-11-07,16,1,2,2,0.0625,0.125,0.125,0.0305871212121212,0.13850220959596
2019-11-08,2,0,0,2,0.0,0.0,1.0,0.0892857142857143,0.226190476190476
2019-11-10,29,0,2,0,0.0,0.06896551724137931,0.0,0.155773249738767,0.291187739463602
2019-11-11,56,1,2,4,0.017857142857142856,0.03571428571428571,0.07142857142857142,0.0191302620990121,0.0960941835941836
2019-11-12,57,4,1,8,0.07017543859649122,0.017543859649122806,0.14035087719298245,0.0529357338567865,0.178189537071116
2019-11-13,33,0,1,3,0.0,0.030303030303030304,0.09090909090909091,0.0697017523722069,0.370928986838078
2019-11-14,25,0,0,1,0.0,0.0,0.04,-0.00458333333333333,0.315666666666667
2019-11-15,28,1,1,1,0.03571428571428571,0.03571428571428571,0.03571428571428571,-0.0291248139880952,0.341964285714286
2019-11-16,13,0,1,0,0.0,0.07692307692307693,0.0,-0.00982905982905983,0.341880341880342
2019-11-17,6,0,1,3,0.0,0.16666666666666666,0.5,-0.0258838383838384,0.210479797979798
2019-11-18,5,1,0,1,0.2,0.0,0.2,0.034375,0.254375
2019-11-19,47,0,1,6,0.0,0.02127659574468085,0.1276595744680851,0.0345230124485444,0.26983625121923
2019-11-20,47,2,2,2,0.0425531914893617,0.0425531914893617,0.0425531914893617,0.0289772727272727,0.16665592091124
2019-11-21,92,0,0,3,0.0,0.0,0.03260869565217391,0.0471973275064308,0.255601159106594
2019-11-22,44,2,2,7,0.045454545454545456,0.045454545454545456,0.1590909090909091,0.1035579004329,0.280411255411256
2019-11-24,73,0,1,3,0.0,0.0136986301369863,0.0410958904109589,0.102858986998542,0.289884886802695
2019-11-25,70,1,1,9,0.014285714285714285,0.014285714285714285,0.12857142857142856,0.0488333591012163,0.247855339105339
2019-11-26,57,0,1,4,0.0,0.017543859649122806,0.07017543859649122,-0.0470110461338531,0.177128005198181
2019-11-27,34,3,1,7,0.08823529411764706,0.029411764705882353,0.20588235294117646,0.0161801841948901,0.1924688057041
2019-11-29,12,0,0,1,0.0,0.0,0.08333333333333333,-0.101175213675214,0.551077279202279
2019-11-30,2,0,0,0,0.0,0.0,0.0,0.175,0.275
2019-12-01,26,1,2,0,0.038461538461538464,0.07692307692307693,0.0,0.0711123812085351,0.3399722072799
2019-12-02,38,0,0,0,0.0,0.0,0.0,-0.0106829573934837,0.184931077694236
2019-12-03,20,0,0,1,0.0,0.0,0.05,0.157853535353535,0.250252525252525
2019-12-04,7,0,0,4,0.0,0.0,0.5714285714285714,0.0916666666666667,0.107142857142857
2019-12-05,1,0,0,0,0.0,0.0,0.0,0.0,0.0
2019-12-06,13,3,2,6,0.23076923076923078,0.15384615384615385,0.46153846153846156,0.241758241758242,0.254578754578755
2019-12-07,6,0,0,1,0.0,0.0,0.16666666666666666,0.101785714285714,0.338095238095238
2019-12-09,25,1,0,1,0.04,0.0,0.04,0.0931212121212121,0.240015151515152
2019-12-10,29,0,0,2,0.0,0.0,0.06896551724137931,0.0847788227098572,0.338314176245211
2019-12-11,40,1,8,1,0.025,0.2,0.025,0.028486451048951,0.214573183760684
2019-12-12,91,0,1,18,0.0,0.01098901098901099,0.1978021978021978,0.0336361059575345,0.215433970791114
2019-12-13,52,0,0,11,0.0,0.0,0.21153846153846154,0.0869989385614385,0.166386044511045
2019-12-15,1,0,0,1,0.0,0.0,1.0,-0.714285714285714,0.857142857142857
2019-12-16,20,0,0,1,0.0,0.0,0.05,0.0573295454545454,0.521060606060606
2019-12-17,82,4,0,4,0.04878048780487805,0.0,0.04878048780487805,0.0608870719389012,0.321215970682434
2019-12-19,2,0,0,0,0.0,0.0,0.0,-0.108333333333333,0.266666666666667
2019-12-23,3,0,0,0,0.0,0.0,0.0,0.0733333333333333,0.157222222222222
2019-12-24,45,4,1,4,0.08888888888888889,0.022222222222222223,0.08888888888888889,0.140616450968013,0.38823063973064
2019-12-25,68,4,0,5,0.058823529411764705,0.0,0.07352941176470588,0.0684699083596143,0.366138763197587
2019-12-26,24,1,0,3,0.041666666666666664,0.0,0.125,-0.0228397181522182,0.252136116198616
2019-12-30,49,0,2,4,0.0,0.04081632653061224,0.08163265306122448,0.00704141262176976,0.388300918658061
2019-12-31,8,0,0,0,0.0,0.0,0.0,0.0901785714285714,0.147470238095238
2020-01-01,88,1,2,16,0.011363636363636364,0.022727272727272728,0.18181818181818182,0.0584185107242525,0.204537563131313
2020-01-02,5,0,0,0,0.0,0.0,0.0,0.239545454545455,0.290454545454545
2020-01-03,1,0,0,0,0.0,0.0,0.0,0.136363636363636,0.5
2020-01-04,9,0,0,0,0.0,0.0,0.0,0.0729166666666667,0.235185185185185
2020-01-06,13,1,1,3,0.07692307692307693,0.07692307692307693,0.23076923076923078,0.155128205128205,0.193589743589744
2020-01-07,5,0,0,1,0.0,0.0,0.2,0.4,0.12
2020-01-08,28,0,1,10,0.0,0.03571428571428571,0.35714285714285715,0.061743117993118,0.36280525030525
2020-01-12,6,0,0,1,0.0,0.0,0.16666666666666666,0.20952380952381,0.533333333333333
2020-01-13,26,0,0,0,0.0,0.0,0.0,0.095753552003552,0.476163073038073
2020-01-16,11,0,0,1,0.0,0.0,0.09090909090909091,0.0688311688311688,0.4
2020-01-17,14,0,0,1,0.0,0.0,0.07142857142857142,0.220535714285714,0.504761904761905
2020-01-18,2,0,0,0,0.0,0.0,0.0,0.1,0.1
2020-01-19,32,0,1,1,0.0,0.03125,0.03125,0.0866155979437229,0.38319466991342
2020-01-20,5,0,0,1,0.0,0.0,0.2,0.0684722222222222,0.599444444444444
2020-01-21,14,0,0,3,0.0,0.0,0.21428571428571427,-0.0365800865800866,0.422483766233766
2020-01-24,17,0,0,1,0.0,0.0,0.058823529411764705,-0.0277424985145573,0.238175876411171
2020-01-27,100,0,5,17,0.0,0.05,0.17,0.0843978854478855,0.24577021034521
2020-01-28,67,2,4,13,0.029850746268656716,0.05970149253731343,0.19402985074626866,0.0964110185005707,0.256722663737589
2020-01-29,52,1,0,15,0.019230769230769232,0.0,0.28846153846153844,0.0282519563769564,0.229004329004329
2020-01-30,28,0,1,7,0.0,0.03571428571428571,0.25,0.109036796536797,0.284226190476191
2020-01-31,28,1,2,11,0.03571428571428571,0.07142857142857142,0.39285714285714285,-0.0214759199134199,0.234604978354978
2020-02-01,47,0,1,28,0.0,0.02127659574468085,0.5957446808510638,0.013039974210187,0.310606060606061
2020-02-02,28,0,1,5,0.0,0.03571428571428571,0.17857142857142858,-0.00139455782312926,0.180717120181406
2020-02-03,75,1,2,6,0.013333333333333334,0.02666666666666667,0.08,0.0359703703703704,0.345251851851852
2020-02-04,1,0,0,0,0.0,0.0,0.0,-0.3,0.4
2020-02-05,102,0,2,7,0.0,0.0196078431372549,0.06862745098039216,0.0419067778626602,0.277628384687208
2020-02-06,10,0,0,0,0.0,0.0,0.0,0.076969696969697,0.211287878787879
2020-02-07,3,0,1,0,0.0,0.3333333333333333,0.0,0.133333333333333,0.666666666666667
2020-02-09,12,0,0,2,0.0,0.0,0.16666666666666666,0.0529296875,0.436805555555556
2020-02-10,70,0,2,6,0.0,0.02857142857142857,0.08571428571428572,-0.0131889816532674,0.286887858173572
2020-02-11,55,0,3,7,0.0,0.05454545454545454,0.12727272727272726,-0.023613406795225,0.174377869605142
2020-02-12,82,0,0,3,0.0,0.0,0.036585365853658534,0.00654816897194946,0.299688434871362
2020-02-13,16,0,2,2,0.0,0.125,0.125,0.00321180555555555,0.129924242424242
2020-02-14,10,0,0,2,0.0,0.0,0.2,-0.00818181818181817,0.258977272727273
2020-02-15,9,0,0,4,0.0,0.0,0.4444444444444444,-0.00185185185185185,0.193518518518519
2020-02-16,3,0,0,2,0.0,0.0,0.6666666666666666,0.0,0.0
2020-02-17,99,1,2,9,0.010101010101010102,0.020202020202020204,0.09090909090909091,0.0230445681183529,0.335489150766929
2020-02-18,101,2,3,23,0.019801980198019802,0.0297029702970297,0.22772277227722773,0.0391106089775644,0.322757430504955
2020-02-19,26,1,0,0,0.038461538461538464,0.0,0.0,-0.0131046037296037,0.354982517482517
2020-02-20,17,0,0,1,0.0,0.0,0.058823529411764705,0.0973272642390289,0.163246965452848
2020-02-23,13,0,0,4,0.0,0.0,0.3076923076923077,0.148805361305361,0.324242424242424
2020-02-24,12,0,0,0,0.0,0.0,0.0,0.015625,0.15625
2020-03-03,44,0,1,4,0.0,0.022727272727272728,0.09090909090909091,0.116557842410115,0.292900155400155
2020-03-04,54,3,0,18,0.05555555555555555,0.0,0.3333333333333333,0.0142700149644594,0.222212869435092
2020-03-06,19,0,0,8,0.0,0.0,0.42105263157894735,0.063755980861244,0.157017543859649
2020-03-07,10,0,0,11,0.0,0.0,1.1,0.117272727272727,0.245454545454545
2020-03-08,8,0,0,0,0.0,0.0,0.0,0.059375,0.11875
2020-03-09,17,1,0,2,0.058823529411764705,0.0,0.11764705882352941,0.0740196078431373,0.103267973856209
2020-03-10,27,0,2,7,0.0,0.07407407407407407,0.25925925925925924,0.185190529634974,0.369658222436
2020-03-11,2,0,0,0,0.0,0.0,0.0,0.113636363636364,0.272727272727273
2020-03-16,7,1,2,1,0.14285714285714285,0.2857142857142857,0.14285714285714285,0.0145021645021645,0.256277056277056
2020-03-18,9,0,1,2,0.0,0.1111111111111111,0.2222222222222222,0.260515873015873,0.525
2020-03-23,2,0,0,0,0.0,0.0,0.0,0.0,0.0
2020-03-25,14,0,0,1,0.0,0.0,0.07142857142857142,0.00494227994227994,0.117893217893218
2020-03-26,6,0,0,0,0.0,0.0,0.0,0.255555555555556,0.283333333333333
2020-03-29,7,0,0,1,0.0,0.0,0.14285714285714285,0.0428571428571429,0.142857142857143
2020-03-30,15,0,1,4,0.0,0.06666666666666667,0.26666666666666666,0.034001924001924,0.102166907166907
2020-03-31,3,0,0,0,0.0,0.0,0.0,0.305555555555556,0.333333333333333
2020-04-04,7,0,0,4,0.0,0.0,0.5714285714285714,0.177468563182849,0.35849309420738
2020-04-06,10,1,0,0,0.1,0.0,0.0,0.282083333333333,0.600833333333333
2020-04-08,7,0,0,4,0.0,0.0,0.5714285714285714,0.172402597402597,0.490151515151515
2020-04-09,9,0,0,3,0.0,0.0,0.3333333333333333,0.111728395061728,0.257407407407407
2020-04-10,13,0,0,5,0.0,0.0,0.38461538461538464,0.0881216006216006,0.306808469308469
2020-04-11,37,1,0,6,0.02702702702702703,0.0,0.16216216216216217,0.100713213213213,0.24512012012012
2020-04-12,2,0,0,0,0.0,0.0,0.0,0.0,0.0
2020-04-14,1,0,0,0,0.0,0.0,0.0,0.0,0.0
2020-04-18,1,0,0,0,0.0,0.0,0.0,0.0,0.0
2020-04-21,9,0,0,4,0.0,0.0,0.4444444444444444,0.266203703703704,0.637962962962963
2020-04-25,3,0,0,3,0.0,0.0,1.0,0.0,0.166666666666667
2020-04-27,5,1,0,2,0.2,0.0,0.4,0.246666666666667,0.726666666666667
2020-04-28,8,0,0,0,0.0,0.0,0.0,0.246922348484849,0.585984848484848
2020-04-29,11,1,1,2,0.09090909090909091,0.09090909090909091,0.18181818181818182,0.0652029788393425,0.230829776284322
2020-04-30,1,0,0,0,0.0,0.0,0.0,0.0,0.0
2020-05-01,22,0,0,1,0.0,0.0,0.045454545454545456,0.0887588001224365,0.313128580174035
2020-05-02,33,1,1,3,0.030303030303030304,0.030303030303030304,0.09090909090909091,0.0496324855699856,0.260514233241506
2020-05-03,1,0,0,1,0.0,0.0,1.0,-0.25,0.4
2020-05-05,16,1,1,4,0.0625,0.0625,0.25,0.284151785714286,0.386309523809524
2020-05-06,66,2,2,7,0.030303030303030304,0.030303030303030304,0.10606060606060606,0.0275032949216188,0.309290688267961
2020-05-07,20,0,0,0,0.0,0.0,0.0,-0.0148626893939394,0.219393939393939
2020-05-08,60,1,3,5,0.016666666666666666,0.05,0.08333333333333333,0.277135942760943,0.554598063973064
2020-05-09,77,0,8,19,0.0,0.1038961038961039,0.24675324675324675,0.0573608062155647,0.244810114128296
2020-05-10,23,0,0,5,0.0,0.0,0.21739130434782608,-0.0501393986448334,0.481107660455487
2020-05-11,90,2,4,11,0.022222222222222223,0.044444444444444446,0.12222222222222222,0.0166337782587783,0.238766354016354
2020-05-12,29,0,0,14,0.0,0.0,0.4827586206896552,0.0192049808429119,0.30857715081853
2020-05-13,41,1,3,4,0.024390243902439025,0.07317073170731707,0.0975609756097561,-0.0318135624538064,0.256426459719143
2020-05-14,20,0,0,3,0.0,0.0,0.15,0.0449602272727273,0.313727272727273
2020-05-15,28,3,1,4,0.10714285714285714,0.03571428571428571,0.14285714285714285,0.069785224695939,0.228209389816533
2020-05-16,33,0,0,1,0.0,0.0,0.030303030303030304,0.0843721303948577,0.333233853688399
2020-05-17,31,1,1,6,0.03225806451612903,0.03225806451612903,0.1935483870967742,0.00789345063538612,0.214340175953079
2020-05-18,20,0,1,1,0.0,0.05,0.05,0.0564772727272727,0.327840909090909
2020-05-19,10,0,0,2,0.0,0.0,0.2,-0.0525974025974026,0.23474025974026
2020-05-20,35,1,4,24,0.02857142857142857,0.11428571428571428,0.6857142857142857,0.0625638528138528,0.332474025974026
2020-05-21,22,1,0,2,0.045454545454545456,0.0,0.09090909090909091,-0.0183712121212121,0.163636363636364
2020-05-22,30,0,0,4,0.0,0.0,0.13333333333333333,0.0486307519640853,0.278563411896745
2020-05-23,27,0,1,1,0.0,0.037037037037037035,0.037037037037037035,0.0711700336700337,0.207968574635241
2020-05-24,65,0,1,4,0.0,0.015384615384615385,0.06153846153846154,0.0181668851981352,0.232534965034965
2020-05-25,19,1,2,5,0.05263157894736842,0.10526315789473684,0.2631578947368421,0.0124401913875598,0.241786283891547
2020-05-26,3,1,0,1,0.3333333333333333,0.0,0.3333333333333333,0.0364583333333333,0.983333333333333
2020-05-27,32,0,2,5,0.0,0.0625,0.15625,0.048046875,0.229947916666667
2020-05-30,50,0,0,14,0.0,0.0,0.28,-0.0241017316017316,0.214807359307359
2020-06-01,12,4,0,3,0.3333333333333333,0.0,0.25,0.00277777777777778,0.0736111111111111
2020-06-02,24,1,2,4,0.041666666666666664,0.08333333333333333,0.16666666666666666,0.0221275252525252,0.196717171717172
2020-06-04,24,0,0,3,0.0,0.0,0.125,0.0681818181818182,0.136111111111111
2020-06-05,40,0,7,7,0.0,0.175,0.175,0.01625,0.160833333333333
2020-06-06,2,0,0,0,0.0,0.0,0.0,0.0,0.025
2020-06-07,29,2,0,5,0.06896551724137931,0.0,0.1724137931034483,0.0900862068965517,0.197557471264368
2020-06-08,87,2,4,17,0.022988505747126436,0.04597701149425287,0.19540229885057472,0.0303944618599791,0.163292741741018
2020-06-09,1,0,0,1,0.0,0.0,1.0,0.1,0.4
2020-06-10,4,0,0,2,0.0,0.0,0.5,0.0798611111111111,0.136111111111111
2020-06-11,24,0,0,4,0.0,0.0,0.16666666666666666,0.0896990740740741,0.196064814814815
2020-06-12,7,1,0,1,0.14285714285714285,0.0,0.14285714285714285,-0.0238095238095238,0.133333333333333
2020-06-13,12,1,0,0,0.08333333333333333,0.0,0.0,0.037037037037037,0.251388888888889
2020-06-15,17,1,3,0,0.058823529411764705,0.17647058823529413,0.0,0.0508976317799847,0.228762414056532
2020-06-17,12,0,1,3,0.0,0.08333333333333333,0.25,0.0583543771043771,0.189499158249158
2020-06-19,9,0,0,0,0.0,0.0,0.0,-0.0488215488215488,0.230976430976431
2020-06-22,1,0,0,0,0.0,0.0,0.0,0.136363636363636,0.5
2020-06-23,5,0,0,3,0.0,0.0,0.6,-0.140555555555556,0.191388888888889
2020-06-26,22,2,0,1,0.09090909090909091,0.0,0.045454545454545456,0.14071108815427,0.380681818181818
2020-06-28,9,1,3,5,0.1111111111111111,0.3333333333333333,0.5555555555555556,-0.0185185185185185,0.0481481481481481
2020-06-29,54,1,1,8,0.018518518518518517,0.018518518518518517,0.14814814814814814,0.0613355780022447,0.209240553684998
2020-06-30,9,0,0,6,0.0,0.0,0.6666666666666666,-0.00707070707070707,0.233838383838384
2020-07-01,12,1,1,5,0.08333333333333333,0.08333333333333333,0.4166666666666667,0.00441919191919192,0.140277777777778
2020-07-02,19,0,0,8,0.0,0.0,0.42105263157894735,0.189314194577352,0.578508771929825
2020-07-03,3,0,0,0,0.0,0.0,0.0,-0.266666666666667,0.433333333333333
2020-07-06,2,0,0,0,0.0,0.0,0.0,0.0,0.0
2020-07-08,4,0,0,2,0.0,0.0,0.5,-0.0291666666666667,0.204166666666667
2020-07-09,2,0,0,1,0.0,0.0,0.5,0.0681818181818182,0.227272727272727
2020-07-12,1,0,0,0,0.0,0.0,0.0,0.5,1.0
2020-07-13,2,0,0,0,0.0,0.0,0.0,0.0681818181818182,0.227272727272727
2020-07-14,14,0,0,0,0.0,0.0,0.0,-0.0319264069264069,0.181872294372294
2020-07-15,10,0,1,1,0.0,0.1,0.1,0.0744444444444445,0.205555555555556
2020-07-19,14,0,0,1,0.0,0.0,0.07142857142857142,-0.00527210884353742,0.146513605442177
2020-07-20,8,0,0,5,0.0,0.0,0.625,0.0237373737373737,0.184217171717172
2020-07-21,2,0,0,0,0.0,0.0,0.0,0.0,0.0
2020-07-22,22,1,1,5,0.045454545454545456,0.045454545454545456,0.22727272727272727,0.0133658008658009,0.329680735930736
2020-07-25,2,0,0,0,0.0,0.0,0.0,0.142272727272727,0.475909090909091
2020-07-26,2,0,0,1,0.0,0.0,0.5,0.0,0.0
2020-07-27,5,0,0,3,0.0,0.0,0.6,0.01,0.24
2020-07-28,3,0,1,1,0.0,0.3333333333333333,0.3333333333333333,0.0454545454545454,0.184848484848485
2020-08-03,14,0,0,3,0.0,0.0,0.21428571428571427,0.202678571428571,0.370833333333333
2020-08-04,13,3,4,4,0.23076923076923078,0.3076923076923077,0.3076923076923077,0.0118298368298368,0.189219114219114
2020-08-06,27,0,0,1,0.0,0.0,0.037037037037037035,0.0383744855967078,0.196502057613169
2020-08-07,7,0,0,1,0.0,0.0,0.14285714285714285,0.137619047619048,0.51
2020-08-11,64,0,1,13,0.0,0.015625,0.203125,0.0202710700757576,0.24528290719697
2020-08-12,3,0,0,0,0.0,0.0,0.0,0.0,0.0
2020-08-14,30,0,0,3,0.0,0.0,0.1,0.0306786616161616,0.199450456950457
2020-08-15,2,0,0,2,0.0,0.0,1.0,0.0,0.0
2020-08-16,1,0,0,0,0.0,0.0,0.0,0.45,0.65
2020-08-17,1,0,1,1,0.0,1.0,1.0,-0.333333333333333,0.716666666666667
2020-08-20,24,0,2,0,0.0,0.08333333333333333,0.0,0.0298137626262626,0.361994949494949
2020-08-23,25,2,0,1,0.08,0.0,0.04,0.147166666666667,0.331
2020-08-24,2,0,0,0,0.0,0.0,0.0,0.121590909090909,0.251136363636364
2020-08-26,2,0,0,0,0.0,0.0,0.0,-0.166666666666667,0.233333333333333
2020-08-27,2,1,0,0,0.5,0.0,0.0,-0.104166666666667,0.216666666666667
2020-08-28,1,0,1,1,0.0,1.0,1.0,0.0,0.0
2020-08-29,41,1,1,5,0.024390243902439025,0.024390243902439025,0.12195121951219512,-0.049306160472319,0.290747193186218
2020-08-30,5,0,0,1,0.0,0.0,0.2,0.0885714285714286,0.206904761904762
2020-08-31,3,0,0,1,0.0,0.0,0.3333333333333333,-0.111111111111111,0.122222222222222
2020-09-01,19,0,2,7,0.0,0.10526315789473684,0.3684210526315789,0.074780701754386,0.245175438596491
2020-09-02,11,1,0,1,0.09090909090909091,0.0,0.09090909090909091,0.11301652892562,0.230509641873278
2020-09-03,39,0,1,5,0.0,0.02564102564102564,0.1282051282051282,0.0861163836163836,0.216798756798757
2020-09-04,24,0,3,2,0.0,0.125,0.08333333333333333,0.115029761904762,0.248015873015873
2020-09-06,33,14,1,5,0.42424242424242425,0.030303030303030304,0.15151515151515152,0.0313508461235734,0.275829725829726
2020-09-07,2,1,1,1,0.5,0.5,0.5,-0.0416666666666667,0.358333333333333
2020-09-08,30,0,3,10,0.0,0.1,0.3333333333333333,0.160540223665224,0.260393217893218
2020-09-09,5,0,0,3,0.0,0.0,0.6,0.143290043290043,0.333694083694084
2020-09-10,8,1,1,3,0.125,0.125,0.375,0.0806818181818182,0.364583333333333
2020-09-11,4,0,0,1,0.0,0.0,0.25,0.0166666666666667,0.533333333333333
2020-09-13,33,2,1,6,0.06060606060606061,0.030303030303030304,0.18181818181818182,0.0522105892844529,0.329332662287208
2020-09-14,3,0,0,0,0.0,0.0,0.0,0.283333333333333,0.35
2020-09-16,10,0,0,1,0.0,0.0,0.1,0.0956944444444445,0.494444444444444
2020-09-19,12,0,0,2,0.0,0.0,0.16666666666666666,0.0535984848484848,0.189236111111111
2020-09-20,2,0,0,1,0.0,0.0,0.5,-0.0833333333333333,0.216666666666667
2020-09-21,26,3,3,27,0.11538461538461539,0.11538461538461539,1.0384615384615385,-0.0439477989958759,0.148015285996055
2020-09-22,2,0,0,0,0.0,0.0,0.0,-0.111111111111111,0.288888888888889
2020-09-23,2,0,0,1,0.0,0.0,0.5,-0.01875,0.0375
2020-09-24,4,0,1,0,0.0,0.25,0.0,0.0774038461538462,0.271153846153846
2020-09-25,7,0,0,4,0.0,0.0,0.5714285714285714,-0.0238095238095238,0.0619047619047619
2020-09-26,2,0,0,2,0.0,0.0,1.0,0.2,0.425
2020-09-27,62,0,1,8,0.0,0.016129032258064516,0.12903225806451613,0.0675096297072103,0.222572353721547
2020-09-28,46,2,1,6,0.043478260869565216,0.021739130434782608,0.13043478260869565,0.034443032812598,0.332034632034632
2020-09-30,21,0,6,4,0.0,0.2857142857142857,0.19047619047619047,0.0617424242424242,0.251406926406926
2020-10-03,17,0,17,2,0.0,1.0,0.11764705882352941,-0.111764705882353,0.282352941176471
2020-10-04,50,5,6,5,0.1,0.12,0.1,0.118474296536797,0.346132034632035
2020-10-05,2,0,0,0,0.0,0.0,0.0,0.209090909090909,0.763636363636364
2020-10-07,18,1,1,5,0.05555555555555555,0.05555555555555555,0.2777777777777778,0.0638918951418951,0.227380952380952
2020-10-08,2,0,0,1,0.0,0.0,0.5,0.0,0.5
2020-10-11,6,0,0,0,0.0,0.0,0.0,-0.0833333333333333,0.15
2020-10-13,3,0,0,0,0.0,0.0,0.0,0.0454545454545454,0.151515151515152
2020-10-14,12,0,0,0,0.0,0.0,0.0,0.0176136363636364,0.221212121212121
2020-10-15,15,0,0,0,0.0,0.0,0.0,-0.0522222222222222,0.212777777777778
2020-10-16,14,0,0,0,0.0,0.0,0.0,0.0809948979591837,0.185544217687075
2020-10-17,1,0,0,0,0.0,0.0,0.0,0.0,0.0
2020-10-18,45,0,0,14,0.0,0.0,0.3111111111111111,0.0529461279461279,0.206313131313131
2020-10-19,9,0,0,0,0.0,0.0,0.0,0.112121212121212,0.262626262626263
2020-10-20,35,0,1,7,0.0,0.02857142857142857,0.2,-0.0393216991341991,0.344742905242905
2020-10-21,7,0,0,0,0.0,0.0,0.0,0.000189393939393934,0.453030303030303
2020-10-22,3,0,0,2,0.0,0.0,0.6666666666666666,0.0681818181818182,0.401515151515152
2020-10-24,8,1,0,1,0.125,0.0,0.125,0.163920454545455,0.343276515151515
2020-10-25,4,0,0,0,0.0,0.0,0.0,-0.1125,0.220833333333333
2020-10-27,22,0,1,2,0.0,0.045454545454545456,0.09090909090909091,-0.0213240358126722,0.293219123048668
2020-10-30,4,0,0,1,0.0,0.0,0.25,0.208333333333333,0.408333333333333
2020-11-01,15,0,7,4,0.0,0.4666666666666667,0.26666666666666666,-0.00368686868686869,0.218888888888889
2020-11-02,16,1,4,3,0.0625,0.25,0.1875,0.0307291666666667,0.51875
2020-11-03,2,0,0,0,0.0,0.0,0.0,0.416666666666667,0.816666666666667
2020-11-05,4,0,0,0,0.0,0.0,0.0,-0.0583333333333333,0.254166666666667
2020-11-06,4,0,0,0,0.0,0.0,0.0,-0.0416666666666667,0.108333333333333
2020-11-07,2,0,0,1,0.0,0.0,0.5,-0.2,0.775
2020-11-08,5,0,0,0,0.0,0.0,0.0,-0.25,0.333333333333333
2020-11-10,26,0,0,0,0.0,0.0,0.0,-0.107487130924631,0.42991452991453
2020-11-11,1,0,0,0,0.0,0.0,0.0,0.3,0.8
2020-11-12,42,0,0,4,0.0,0.0,0.09523809523809523,0.0255366161616162,0.318891293891294
2020-11-13,32,2,1,5,0.0625,0.03125,0.15625,0.239079762468434,0.444704861111111
2020-11-15,46,2,3,1,0.043478260869565216,0.06521739130434782,0.021739130434782608,0.0642480707698099,0.280142653240479
2020-11-16,26,2,1,7,0.07692307692307693,0.038461538461538464,0.2692307692307692,0.145032051282051,0.290865384615385
2020-11-18,6,1,1,7,0.16666666666666666,0.16666666666666666,1.1666666666666667,0.259722222222222,0.7
2020-11-19,8,0,0,0,0.0,0.0,0.0,0.0738756613756614,0.30176917989418
2020-11-20,40,1,1,20,0.025,0.025,0.5,0.276729121572872,0.6021636002886
2020-11-21,13,1,1,2,0.07692307692307693,0.07692307692307693,0.15384615384615385,0.114316239316239,0.192735042735043
2020-11-22,8,0,0,1,0.0,0.0,0.125,0.164198626893939,0.348106060606061
2020-11-23,12,0,0,3,0.0,0.0,0.25,0.103276909722222,0.281944444444444
2020-11-24,38,1,0,11,0.02631578947368421,0.0,0.2894736842105263,0.0531117091972355,0.389262930052404
2020-11-25,27,0,0,3,0.0,0.0,0.1111111111111111,0.0450406846240179,0.429313973063973
2020-11-29,18,1,0,11,0.05555555555555555,0.0,0.6111111111111112,0.13465057319224,0.435414462081129
2020-11-30,11,9,0,10,0.8181818181818182,0.0,0.9090909090909091,0.288030904280904,0.570932030932031
2020-12-01,2,0,0,1,0.0,0.0,0.5,0.679166666666667,0.583333333333333
2020-12-02,7,0,2,3,0.0,0.2857142857142857,0.42857142857142855,0.31468253968254,0.500198412698413
2020-12-03,25,103,6,29,4.12,0.24,1.16,0.325189962121212,0.539812121212121
2020-12-04,2,0,0,2,0.0,0.0,1.0,0.679166666666667,0.583333333333333
2020-12-05,2,0,0,2,0.0,0.0,1.0,0.345833333333333,0.383333333333333
2020-12-07,8,1,0,16,0.125,0.0,2.0,0.695,0.82
2020-12-08,33,3,0,14,0.09090909090909091,0.0,0.42424242424242425,0.0432901273810365,0.238947752584116
2020-12-09,12,3,1,3,0.25,0.08333333333333333,0.25,-0.0118118686868687,0.491313131313131
2020-12-10,12,7,0,14,0.5833333333333334,0.0,1.1666666666666667,0.423787878787879,0.492222222222222
2020-12-11,20,2,1,9,0.1,0.05,0.45,0.1950625,0.453083333333333
2020-12-12,2,0,0,0,0.0,0.0,0.0,0.693333333333333,0.793333333333333
2020-12-13,16,1,3,26,0.0625,0.1875,1.625,0.249261363636364,0.412613636363636
2020-12-15,3,0,0,3,0.0,0.0,1.0,0.684444444444445,0.662222222222222
2020-12-16,21,1,1,21,0.047619047619047616,0.047619047619047616,1.0,0.364080086580087,0.519235209235209
2020-12-17,22,0,0,12,0.0,0.0,0.5454545454545454,0.199125836284927,0.329745670995671
2020-12-18,9,1,0,8,0.1111111111111111,0.0,0.8888888888888888,0.185473785473785,0.30969215969216
2020-12-19,22,1,0,15,0.045454545454545456,0.0,0.6818181818181818,0.323114095500459,0.431974288337925
2020-12-20,22,2,2,29,0.09090909090909091,0.09090909090909091,1.3181818181818181,0.415054112554113,0.531774891774892
2020-12-21,10,0,2,2,0.0,0.2,0.2,0.139880952380952,0.185059523809524
2020-12-22,42,1,10,52,0.023809523809523808,0.23809523809523808,1.2380952380952381,0.20957205988456,0.316230158730159
2020-12-23,5,0,0,0,0.0,0.0,0.0,0.04,0.03
2020-12-24,89,1,2,36,0.011235955056179775,0.02247191011235955,0.4044943820224719,0.108843047038272,0.297139087652731
2020-12-25,8,0,4,9,0.0,0.5,1.125,0.245530303030303,0.480378787878788
