high,timestamp,volume,low,close,open
15257.53,2018-01-01 16:00:00,16299.66930279,12910.58,14678.94,13394.2
15500.0,2018-01-02 16:00:00,12275.00119668,14546.28,15155.62,14670.96
15430.27,2018-01-03 16:00:00,15004.01859256,14192.37,15143.67,15155.62
17200.0,2018-01-04 16:00:00,16248.91467956,14810.0,16928.0,15143.67
17234.99,2018-01-05 16:00:00,9501.01675546,16220.0,17149.67,16927.99
17149.97,2018-01-06 16:00:00,8632.81384337,15707.16,16124.02,17142.43
16300.0,2018-01-07 16:00:00,16676.34994239,13900.0,14999.99,16173.98
15367.18,2018-01-08 16:00:00,13913.52469368,14123.97,14403.51,14999.99
14900.0,2018-01-09 16:00:00,18479.01253046,13412.0,14890.02,14403.51
14973.07,2018-01-10 16:00:00,19630.07517112,12800.0,13243.83,14899.99
14152.19,2018-01-11 16:00:00,13433.08481363,12807.27,13781.41,13249.99
14619.1,2018-01-12 16:00:00,7488.98701847,13789.42,14197.78,13829.28
14365.81,2018-01-13 16:00:00,7588.63558972,13072.22,13647.99,14197.78
14394.36,2018-01-14 16:00:00,9444.63530824,13429.25,13607.04,13647.99
13607.04,2018-01-15 16:00:00,38789.88308789,10162.0,11386.34,13581.66
11794.07,2018-01-16 16:00:00,41356.1897379,9222.0,11191.35,11393.97
12146.0,2018-01-17 16:00:00,22195.26202056,10693.0,11247.57,11199.0
12050.39,2018-01-18 16:00:00,13203.25567513,11025.18,11552.0,11290.9
13052.12,2018-01-19 16:00:00,10324.05733414,11515.94,12775.99,11560.82
12791.88,2018-01-20 16:00:00,11596.44128787,11100.0,11558.87,12782.99
11910.78,2018-01-21 16:00:00,17067.72925582,10028.41,10808.99,11558.87
11409.87,2018-01-22 16:00:00,17250.17614645,9927.54,10851.82,10810.0
11500.0,2018-01-23 16:00:00,11646.79059794,10488.13,11400.96,10848.99
11741.82,2018-01-24 16:00:00,10212.92183381,10868.57,11155.54,11400.98
11635.0,2018-01-25 16:00:00,15074.66641243,10263.32,11092.95,11140.01
11630.47,2018-01-26 16:00:00,10309.80746248,10815.84,11446.54,11093.74
11989.15,2018-01-27 16:00:00,9956.09249576,11360.52,11685.58,11446.54
11820.01,2018-01-28 16:00:00,9996.35689848,10991.0,11162.62,11685.58
11222.36,2018-01-29 16:00:00,21082.19252764,9731.2,9971.0,11162.62
10324.0,2018-01-30 16:00:00,12743.50947059,9514.96,10149.0,9971.0
10187.56,2018-01-31 16:00:00,26356.58883931,8455.0,8998.99,10148.99
9096.79,2018-02-01 16:00:00,44406.01982931,7625.25,8838.83,9010.87
9491.2,2018-02-02 16:00:00,16208.37411342,8170.71,9225.86,8838.29
9350.09,2018-02-03 16:00:00,19110.67246079,7825.0,8191.0,9225.31
8335.56,2018-02-04 16:00:00,46544.42880431,6600.0,6874.27,8190.78
8150.0,2018-02-05 16:00:00,70961.36965826,5920.72,7737.37,6878.65
8649.0,2018-02-06 16:00:00,32640.89253754,7213.8,7588.01,7737.26
8644.36,2018-02-07 16:00:00,22746.39118112,7565.5,8259.76,7588.01
8779.62,2018-02-08 16:00:00,18418.11709042,7753.32,8693.98,8259.42
9090.8,2018-02-09 16:00:00,14670.55870203,8170.86,8560.0,8693.98
8560.0,2018-02-10 16:00:00,12711.7858457,7820.0,8067.0,8560.0
8995.0,2018-02-11 16:00:00,15071.04029684,8067.0,8899.0,8077.25
8951.89,2018-02-12 16:00:00,11374.52415254,8360.13,8522.99,8891.2
9515.0,2018-02-13 16:00:00,17468.73886593,8504.57,9490.98,8504.57
10234.0,2018-02-14 16:00:00,21036.3373175,9350.0,10018.0,9490.98
10300.0,2018-02-15 16:00:00,11857.64277513,9707.51,10196.0,10011.3
11135.83,2018-02-16 16:00:00,14511.16913676,10053.5,11101.0,10203.14
11300.0,2018-02-17 16:00:00,17623.07943135,10153.15,10421.06,11101.0
11262.48,2018-02-18 16:00:00,11698.25622611,10307.51,11173.0,10433.68
11780.0,2018-02-19 16:00:00,15880.9090398,11080.37,11233.41,11159.12
11275.74,2018-02-20 16:00:00,19959.67715652,10256.0,10449.4,11233.42
10935.0,2018-02-21 16:00:00,20204.69095384,9731.2,9843.34,10446.79
10405.3,2018-02-22 16:00:00,16044.03930333,9600.0,10166.1,9843.33
10540.63,2018-02-23 16:00:00,13972.71472351,9373.48,9689.99,10135.2
9883.41,2018-02-24 16:00:00,11037.17695269,9260.0,9590.04,9688.26
10461.97,2018-02-25 16:00:00,16156.80505618,9376.34,10324.7,9595.99
10850.0,2018-02-26 16:00:00,10408.47993775,10150.0,10566.3,10329.99
11064.75,2018-02-27 16:00:00,10490.74905816,10255.07,10314.9,10572.49
11090.0,2018-02-28 16:00:00,9481.66514611,10223.41,10903.13,10314.99
11175.0,2018-03-01 16:00:00,8329.09790086,10774.01,11029.99,10917.37
11503.24,2018-03-02 16:00:00,7786.26753951,11022.85,11445.0,11032.81
11511.0,2018-03-03 16:00:00,6831.63070279,11054.91,11463.27,11445.0
11688.0,2018-03-04 16:00:00,9933.67623336,11383.66,11419.24,11479.68
11420.01,2018-03-05 16:00:00,14734.41949313,10560.19,10723.76,11417.39
10911.78,2018-03-06 16:00:00,26116.51184803,9450.0,9913.03,10723.01
10150.0,2018-03-07 16:00:00,22522.42746991,9078.95,9285.32,9904.52
9420.39,2018-03-08 16:00:00,29014.16684454,8366.0,9230.0,9293.06
9514.96,2018-03-09 16:00:00,12886.58857926,8697.0,8791.47,9228.83
9768.37,2018-03-10 16:00:00,16407.54237557,8450.0,9535.04,8795.04
9892.0,2018-03-11 17:00:00,18751.02057959,8742.07,9120.75,9535.04
9482.79,2018-03-12 17:00:00,16001.47534639,8830.0,9142.32,9115.24
9356.14,2018-03-13 17:00:00,21191.0231358,7948.0,8196.69,9152.07
8425.0,2018-03-14 17:00:00,18387.61138793,7682.0,8265.05,8195.99
8613.06,2018-03-15 17:00:00,16498.62433531,7914.08,8258.54,8265.05
8356.4,2018-03-16 17:00:00,12048.668891399999,7730.23,7860.83,8258.54
8324.92,2018-03-17 17:00:00,19547.36114711,7325.37,8188.24,7860.83
8718.74,2018-03-18 17:00:00,19396.08835883,8114.17,8596.93,8205.55
9051.0,2018-03-19 17:00:00,13454.8222604,8313.01,8904.02,8596.79
9188.1,2018-03-20 17:00:00,12100.99713332,8754.83,8893.79,8904.02
9099.59,2018-03-21 17:00:00,12587.63392229,8503.52,8704.67,8892.18
8920.79,2018-03-22 17:00:00,13749.78486097,8265.0,8920.79,8708.52
9020.0,2018-03-23 17:00:00,9731.98236841,8505.0,8547.0,8917.99
8680.0,2018-03-24 17:00:00,9155.91214778,8368.63,8453.9,8541.96
8500.0,2018-03-25 17:00:00,17693.4153393,7831.15,8149.66,8451.12
8211.62,2018-03-26 17:00:00,12385.25028422,7742.11,7791.7,8152.26
8104.98,2018-03-27 17:00:00,8437.64467971,7723.03,7932.41,7791.69
7968.0,2018-03-28 17:00:00,22138.11413228,6914.53,7088.38,7932.41
7302.35,2018-03-29 17:00:00,29101.44802706,6550.0,6850.0,7086.14
7231.73,2018-03-30 17:00:00,11579.59705718,6794.26,6928.62,6839.63
7045.71,2018-03-31 17:00:00,18046.94087395,6427.16,6813.52,6926.5
7106.5,2018-04-01 17:00:00,13624.16035566,6759.96,7052.76,6816.31
7506.84,2018-04-02 17:00:00,16089.54162903,7001.28,7416.27,7052.75
7430.0,2018-04-03 17:00:00,15779.20246661,6710.38,6799.95,7415.53
6928.7,2018-04-04 17:00:00,11894.53597807,6578.95,6771.69,6799.37
6850.0,2018-04-05 17:00:00,8478.41806897,6510.0,6618.33,6771.3
7069.13,2018-04-06 17:00:00,7683.041652600001,6600.99,6904.9,6627.7
7104.52,2018-04-07 17:00:00,4352.69794202,6894.8,7027.26,6904.21
7175.83,2018-04-08 17:00:00,10103.91621615,6611.49,6780.1,7027.26
6900.0,2018-04-09 17:00:00,6480.19276418,6653.21,6835.67,6782.39
6984.92,2018-04-10 17:00:00,5825.41064556,6809.26,6940.94,6824.75
8069.34,2018-04-11 17:00:00,19033.3803344,6758.45,7923.78,6940.94
8239.33,2018-04-12 17:00:00,19605.94275077,7753.32,7896.92,7923.78
8232.14,2018-04-13 17:00:00,8935.53071477,7835.0,8000.41,7885.9
8417.0,2018-04-14 17:00:00,7542.84081564,8001.23,8354.22,8003.39
8424.99,2018-04-15 17:00:00,10866.60295749,7905.0,8048.15,8353.43
8160.85,2018-04-16 17:00:00,9277.15121538,7806.81,7890.87,8054.68
8235.0,2018-04-17 17:00:00,9227.20459808,7870.35,8172.84,7890.87
8297.99,2018-04-18 17:00:00,9436.84632763,8074.44,8271.31,8172.83
8934.0,2018-04-19 17:00:00,16059.62267134,8216.9,8861.0,8273.0
9023.4,2018-04-20 17:00:00,15336.30792743,8608.0,8920.71,8865.78
9036.52,2018-04-21 17:00:00,9346.45175925,8760.0,8789.96,8924.93
9006.39,2018-04-22 17:00:00,10286.1177149,8771.22,8946.95,8781.7
9737.16,2018-04-23 17:00:00,20460.50898304,8930.0,9648.0,8942.0
9755.53,2018-04-24 17:00:00,33035.90404482,8751.0,8864.99,9648.36
9326.79,2018-04-25 17:00:00,20042.96970211,8647.29,9274.48,8855.07
9387.82,2018-04-26 17:00:00,11375.51437547,8901.09,8921.43,9277.32
9442.34,2018-04-27 17:00:00,15558.40230193,8854.47,9345.11,8916.54
9538.75,2018-04-28 17:00:00,10940.71803063,9180.0,9393.99,9352.97
9443.96,2018-04-29 17:00:00,8085.68829456,9111.0,9242.17,9396.32
9249.99,2018-04-30 17:00:00,12138.2639605,8815.91,9066.9,9243.51
9259.16,2018-05-01 17:00:00,10575.17497792,8975.23,9222.0,9066.9
9799.99,2018-05-02 17:00:00,11670.79957863,9165.19,9732.43,9220.0
9784.73,2018-05-03 17:00:00,7326.05207111,9527.38,9696.57,9737.0
9948.98,2018-05-04 17:00:00,7403.10502352,9670.68,9823.28,9689.0
9918.41,2018-05-05 17:00:00,8155.5768566,9375.0,9623.54,9827.04
9634.5,2018-05-06 17:00:00,13616.3485933,9175.0,9359.52,9621.99
9450.0,2018-05-07 17:00:00,11418.31053651,9015.0,9167.69,9356.79
9368.79,2018-05-08 17:00:00,11368.83432539,8974.62,9308.49,9181.52
9393.0,2018-05-09 17:00:00,11764.9775057,8987.74,9020.99,9308.49
9018.38,2018-05-10 17:00:00,20383.92660992,8351.0,8411.42,9007.19
8652.8,2018-05-11 17:00:00,15464.92940302,8208.81,8481.6,8408.79
8775.9,2018-05-12 17:00:00,9835.22450915,8335.56,8696.58,8481.72
8900.9,2018-05-13 17:00:00,18861.93709627,8286.57,8674.36,8696.54
8865.0,2018-05-14 17:00:00,12391.83198691,8400.0,8474.99,8674.53
8505.33,2018-05-15 17:00:00,12705.12321984,8100.01,8346.59,8481.99
8500.0,2018-05-16 17:00:00,8259.12452442,7980.0,8067.03,8337.77
8275.1,2018-05-17 17:00:00,7181.20388348,7929.53,8248.87,8058.16
8395.0,2018-05-18 17:00:00,3784.07576637,8141.08,8231.2,8248.99
8590.0,2018-05-19 17:00:00,5314.99889979,8170.71,8518.48,8225.55
8589.1,2018-05-20 17:00:00,6126.97105348,8320.0,8391.76,8518.64
8417.65,2018-05-21 17:00:00,9101.06078693,7951.41,7984.08,8403.23
8032.01,2018-05-22 17:00:00,17635.90129337,7435.49,7502.89,7983.98
7733.99,2018-05-23 17:00:00,11648.36524358,7267.24,7586.88,7509.99
7661.07,2018-05-24 17:00:00,10088.84331121,7328.13,7471.18,7579.3
7622.87,2018-05-25 17:00:00,4043.55765023,7276.04,7335.99,7459.21
7412.57,2018-05-26 17:00:00,3144.45110906,7213.09,7347.39,7335.99
7445.0,2018-05-27 17:00:00,6583.63252959,7084.99,7112.5,7348.64
7537.0,2018-05-28 17:00:00,11049.92099287,7026.9,7469.45,7112.2
7559.0,2018-05-29 17:00:00,8940.454005299998,7273.89,7375.73,7469.45
7601.23,2018-05-30 17:00:00,7339.00726931,7330.22,7492.28,7375.64
7620.01,2018-05-31 17:00:00,6762.6275727,7348.45,7511.6,7492.28
7700.0,2018-06-01 17:00:00,4012.16875521,7438.92,7642.0,7511.72
7790.69,2018-06-02 17:00:00,4729.21008365,7581.03,7703.67,7642.0
7764.44,2018-06-03 17:00:00,6990.551352699999,7449.68,7488.26,7712.97
7685.0,2018-06-04 17:00:00,9968.45508961,7360.0,7617.98,7494.99
7695.46,2018-06-05 17:00:00,7058.05577232,7482.61,7658.57,7617.98
7750.0,2018-06-06 17:00:00,7545.00925066,7618.99,7689.28,7658.99
7697.0,2018-06-07 17:00:00,4676.55832777,7542.0,7618.11,7676.41
7686.45,2018-06-08 17:00:00,2713.78104511,7468.31,7492.7,7618.11
7498.0,2018-06-09 17:00:00,14392.69540615,6627.7,6781.17,7498.0
6919.97,2018-06-10 17:00:00,11409.52423218,6634.86,6880.61,6781.17
6880.76,2018-06-11 17:00:00,8827.599499700002,6461.42,6557.67,6880.76
6624.45,2018-06-12 17:00:00,19190.50457858,6120.0,6307.4,6557.66
6708.1,2018-06-13 17:00:00,14185.83821156,6270.69,6646.1,6308.49
6666.66,2018-06-14 17:00:00,7132.20678871,6370.0,6390.6,6638.8
6557.81,2018-06-15 17:00:00,3553.69972603,6333.63,6487.92,6390.6
6575.35,2018-06-16 17:00:00,2828.75680848,6429.23,6453.41,6487.92
6793.0,2018-06-17 17:00:00,5940.1743975,6381.25,6707.5,6451.03
6841.81,2018-06-18 17:00:00,5443.67979628,6660.21,6736.52,6711.3
6809.26,2018-06-19 17:00:00,5193.76884592,6558.95,6756.58,6728.44
6792.2,2018-06-20 17:00:00,4837.32442832,6677.85,6718.33,6756.6
6737.97,2018-06-21 17:00:00,18544.14405465,5940.0,6050.45,6718.33
6261.0,2018-06-22 17:00:00,4585.87147205,6048.54,6177.38,6055.17
6255.05,2018-06-23 17:00:00,11423.59392896,5780.0,6153.4,6169.91
6365.34,2018-06-24 17:00:00,9689.68930701,6075.01,6253.61,6153.6
6277.0,2018-06-25 17:00:00,7751.62208792,6025.68,6068.0,6252.28
6181.11,2018-06-26 17:00:00,7446.86155074,5985.0,6135.64,6073.99
6165.49,2018-06-27 17:00:00,8878.39857291,5818.14,5848.33,6135.64
6299.0,2018-06-28 17:00:00,12067.37316767,5774.72,6204.24,5845.2
6510.0,2018-06-29 17:00:00,6915.08887702,6190.28,6385.71,6204.01
6438.55,2018-06-30 17:00:00,4160.70556721,6259.34,6349.99,6385.75
6667.57,2018-07-01 17:00:00,8799.80247408,6270.69,6612.98,6345.48
6666.0,2018-07-02 17:00:00,5924.86541706,6464.39,6507.99,6605.46
6792.28,2018-07-03 17:00:00,6706.7340062,6413.2,6584.25,6507.99
6700.0,2018-07-04 17:00:00,7692.21577694,6445.31,6533.69,6575.62
6636.15,2018-07-05 17:00:00,5457.67218749,6449.76,6596.53,6533.69
6820.0,2018-07-06 17:00:00,4842.79587112,6510.0,6759.99,6604.74
6783.54,2018-07-07 17:00:00,5145.84575684,6674.6,6706.6,6755.46
6814.72,2018-07-08 17:00:00,7165.21723333,6620.0,6666.75,6706.6
6683.9,2018-07-09 17:00:00,9163.01977492,6270.84,6299.46,6666.75
6400.0,2018-07-10 17:00:00,6370.13680136,6285.0,6380.0,6304.45
6380.0,2018-07-11 17:00:00,7792.46685782,6072.0,6243.88,6379.13
6337.25,2018-07-12 17:00:00,5901.29571452,6121.01,6215.59,6243.53
6317.84,2018-07-13 17:00:00,2584.7339623000003,6180.0,6243.98,6208.78
6397.21,2018-07-14 17:00:00,3556.29310719,6227.76,6349.3,6245.99
6755.0,2018-07-15 17:00:00,9404.05647649,6333.63,6721.04,6353.25
7468.31,2018-07-16 17:00:00,12703.29651293,6657.95,7310.71,6721.21
7599.98,2018-07-17 17:00:00,13347.87429603,7239.15,7378.1,7310.71
7570.9,2018-07-18 17:00:00,8803.25309749,7278.84,7471.42,7384.92
7696.88,2018-07-19 17:00:00,9379.17143244,7265.0,7330.84,7474.35
7458.0,2018-07-20 17:00:00,4049.81022253,7212.0,7409.92,7330.84
7581.03,2018-07-21 17:00:00,5107.9788128,7336.15,7396.6,7398.16
7800.0,2018-07-22 17:00:00,12572.45317131,7369.86,7719.62,7393.5
8496.96,2018-07-23 17:00:00,18707.41156484,7691.14,8403.83,7712.46
8475.0,2018-07-24 17:00:00,10348.06857767,8049.22,8174.06,8394.48
8314.23,2018-07-25 17:00:00,8091.87166049,7855.97,7926.0,8174.06
8274.98,2018-07-26 17:00:00,8701.76587806,7798.48,8183.05,7926.0
8259.0,2018-07-27 17:00:00,2765.6804905999998,8051.43,8237.74,8177.72
8299.99,2018-07-28 17:00:00,3980.2794075999996,8109.74,8216.74,8231.07
8295.0,2018-07-29 17:00:00,11785.89207823,7853.01,8160.21,8216.74
8162.37,2018-07-30 17:00:00,11994.08614156,7633.67,7725.43,8162.28
7761.56,2018-07-31 17:00:00,11406.76843741,7440.0,7602.01,7726.85
7709.98,2018-08-01 17:00:00,5262.23613199,7455.0,7536.37,7600.22
7542.92,2018-08-02 17:00:00,9585.77930917,7286.41,7416.98,7535.0
7494.48,2018-08-03 17:00:00,6831.75139028,6926.0,7009.99,7416.98
7086.8,2018-08-04 17:00:00,6039.1351446,6888.88,7032.61,7009.94
7157.93,2018-08-05 17:00:00,7317.64296455,6835.06,6936.11,7028.89
7155.0,2018-08-06 17:00:00,10039.39296375,6671.0,6717.68,6932.18
6717.68,2018-08-07 17:00:00,14668.56802221,6121.0,6283.59,6717.67
6627.0,2018-08-08 17:00:00,9484.88670496,6190.01,6543.76,6283.89
6584.05,2018-08-09 17:00:00,14096.00988894,5995.75,6139.99,6544.98
6494.13,2018-08-10 17:00:00,6818.37504816,6000.0,6239.98,6139.99
6493.77,2018-08-11 17:00:00,7169.89323056,6163.44,6310.82,6240.49
6544.37,2018-08-12 17:00:00,8896.68083746,6142.2,6252.63,6311.99
6254.02,2018-08-13 17:00:00,14235.27018218,5880.0,6193.62,6252.63
6628.5,2018-08-14 17:00:00,12501.11334781,6186.02,6272.3,6194.3
6477.57,2018-08-15 17:00:00,7099.261163600001,6208.37,6313.51,6273.34
6584.49,2018-08-16 17:00:00,6635.58158998,6290.64,6580.15,6314.08
6615.0,2018-08-17 17:00:00,3496.80232127,6303.0,6399.28,6578.13
6545.0,2018-08-18 17:00:00,3138.71131829,6312.0,6481.99,6397.37
6522.99,2018-08-19 17:00:00,6254.82080784,6223.9,6260.82,6481.63
6513.28,2018-08-20 17:00:00,5655.04172504,6246.05,6479.27,6260.83
6906.81,2018-08-21 17:00:00,11955.65069577,6250.0,6355.76,6478.99
6575.99,2018-08-22 17:00:00,4028.43387247,6344.8,6525.01,6355.97
6721.09,2018-08-23 17:00:00,6374.54257854,6445.32,6692.94,6525.99
6800.0,2018-08-24 17:00:00,4980.64928331,6664.25,6732.4,6692.99
6775.34,2018-08-25 17:00:00,3475.7202496,6558.95,6700.46,6732.99
6944.47,2018-08-26 17:00:00,5863.68824836,6641.35,6904.51,6700.13
7125.28,2018-08-27 17:00:00,8222.24765235,6861.17,7080.94,6911.7
7124.06,2018-08-28 17:00:00,5730.97892652,6890.0,7032.96,7079.46
7055.97,2018-08-29 17:00:00,6875.26197217,6792.85,6984.01,7034.47
7101.03,2018-08-30 17:00:00,5790.38050638,6879.0,7017.35,6984.34
7300.18,2018-08-31 17:00:00,4590.45724112,7015.22,7185.01,7015.78
7334.5,2018-09-01 17:00:00,3297.68658519,7130.63,7290.31,7195.8
7340.08,2018-09-02 17:00:00,2829.87707292,7184.0,7258.99,7291.94
7411.85,2018-09-03 17:00:00,4531.14780379,7231.0,7361.0,7261.29
7387.0,2018-09-04 17:00:00,12408.79698551,6650.0,6679.3,7353.48
6705.59,2018-09-05 17:00:00,14674.0236716,6253.29,6493.09,6671.95
6525.0,2018-09-06 17:00:00,6541.96747088,6322.0,6400.0,6488.01
6465.46,2018-09-07 17:00:00,4284.19484304,6113.23,6178.31,6401.01
6451.51,2018-09-08 17:00:00,4104.31379555,6094.38,6236.04,6178.31
6351.13,2018-09-09 17:00:00,5371.72530672,6223.9,6301.99,6238.99
6405.0,2018-09-10 17:00:00,7076.79725968,6162.06,6279.99,6303.99
6350.0,2018-09-11 17:00:00,4282.15960066,6192.89,6322.45,6274.6
6537.46,2018-09-12 17:00:00,6985.34747474,6324.37,6485.7,6326.83
6587.0,2018-09-13 17:00:00,4598.02098322,6384.36,6476.51,6482.95
6570.1,2018-09-14 17:00:00,1328.81956289,6466.74,6520.15,6476.51
6524.84,2018-09-15 17:00:00,1098.62806031,6349.47,6499.98,6521.49
6530.24,2018-09-16 17:00:00,4386.88772482,6200.0,6254.52,6499.28
6390.0,2018-09-17 17:00:00,4196.47314808,6226.63,6332.34,6251.49
6510.0,2018-09-18 17:00:00,7232.08338006,6100.0,6388.4,6330.0
6535.11,2018-09-19 17:00:00,5177.64510387,6333.63,6492.98,6388.4
6775.34,2018-09-20 17:00:00,8569.98587321,6483.83,6749.45,6492.98
6826.28,2018-09-21 17:00:00,5491.80951385,6624.79,6710.01,6748.85
6774.91,2018-09-22 17:00:00,3248.80491931,6659.0,6702.22,6710.01
6721.68,2018-09-23 17:00:00,4030.72562001,6550.96,6581.52,6703.37
6579.59,2018-09-24 17:00:00,8206.61700477,6324.96,6428.99,6578.7
6540.0,2018-09-25 17:00:00,4295.92674134,6379.44,6461.51,6428.09
6736.85,2018-09-26 17:00:00,5664.85211251,6431.95,6681.62,6454.32
6792.28,2018-09-27 17:00:00,7642.04936428,6525.67,6610.76,6684.5
6609.02,2018-09-28 17:00:00,3382.01592212,6454.0,6579.38,6609.02
6628.06,2018-09-29 17:00:00,2482.69507513,6510.0,6597.81,6574.29
6638.15,2018-09-30 17:00:00,4796.040132,6477.57,6571.2,6597.79
6597.0,2018-10-01 17:00:00,4116.13342419,6447.28,6500.0,6569.32
6510.0,2018-10-02 17:00:00,4774.76328174,6396.34,6456.77,6500.0
6604.89,2018-10-03 17:00:00,3832.70048916,6450.58,6547.56,6454.81
6641.35,2018-10-04 17:00:00,3807.26928181,6510.0,6582.12,6548.83
6595.69,2018-10-05 17:00:00,2022.78075908,6526.28,6544.08,6582.11
6600.0,2018-10-06 17:00:00,2455.65659087,6493.92,6577.63,6547.93
6656.63,2018-10-07 17:00:00,4079.04424933,6541.06,6604.75,6574.15
6623.14,2018-10-08 17:00:00,2254.95026959,6553.13,6588.8,6604.76
6589.79,2018-10-09 17:00:00,5177.06675956,6387.91,6517.55,6588.72
6520.43,2018-10-10 17:00:00,9616.23958351,6055.28,6152.76,6517.55
6243.79,2018-10-11 17:00:00,3246.3815572,6109.79,6185.15,6152.76
6219.77,2018-10-12 17:00:00,1954.04680593,6168.83,6199.69,6182.03
6349.47,2018-10-13 17:00:00,2525.73820085,6143.08,6183.0,6201.23
6756.0,2018-10-14 17:00:00,16895.88930388,6149.28,6441.74,6185.04
6493.77,2018-10-15 17:00:00,4703.09390629,6386.4,6461.2,6438.2
6465.39,2018-10-16 17:00:00,2961.26337446,6407.69,6437.29,6457.67
6490.0,2018-10-17 17:00:00,3823.16928503,6350.0,6396.18,6440.07
6412.4,2018-10-18 17:00:00,2290.0590116999997,6355.99,6383.46,6394.23
6424.16,2018-10-19 17:00:00,1261.97849549,6363.02,6412.86,6380.47
6470.0,2018-10-20 17:00:00,1541.01151749,6401.01,6413.38,6412.86
6429.23,2018-10-21 17:00:00,2407.5354618,6372.53,6406.06,6412.62
6421.58,2018-10-22 17:00:00,2851.00556658,6354.26,6393.41,6409.39
6473.0,2018-10-23 17:00:00,3535.33808825,6393.0,6411.96,6396.24
6422.73,2018-10-24 17:00:00,3046.60380599,6361.73,6393.53,6411.96
6450.3,2018-10-25 17:00:00,3323.82631782,6377.81,6406.1,6393.38
6420.01,2018-10-26 17:00:00,890.1271569,6381.25,6407.66,6406.1
6420.0,2018-10-27 17:00:00,839.29766473,6383.0,6405.57,6407.66
6420.0,2018-10-28 17:00:00,5190.82201499,6208.37,6266.52,6404.27
6289.0,2018-10-29 17:00:00,2523.57742936,6240.0,6269.46,6266.47
6350.0,2018-10-30 17:00:00,5148.08262352,6199.25,6303.27,6269.45
6365.33,2018-10-31 17:00:00,2190.97047686,6288.01,6340.99,6304.5
6381.25,2018-11-01 17:00:00,2678.06948097,6328.33,6350.43,6343.85
6351.74,2018-11-02 17:00:00,1084.13861953,6312.48,6335.0,6350.05
6475.0,2018-11-03 17:00:00,2673.81391399,6310.57,6421.76,6333.59
6441.43,2018-11-04 16:00:00,2335.48865475,6369.89,6403.2,6428.23
6460.01,2018-11-05 16:00:00,4270.33460011,6378.24,6447.5,6404.97
6544.0,2018-11-06 16:00:00,4800.82491273,6442.47,6501.0,6448.17
6511.27,2018-11-07 16:00:00,3966.97303181,6388.88,6405.49,6501.0
6418.18,2018-11-08 16:00:00,3218.12902607,6307.0,6325.0,6405.49
6377.26,2018-11-09 16:00:00,1523.39384996,6323.0,6349.32,6325.0
6365.0,2018-11-10 16:00:00,1718.26855567,6269.46,6357.54,6349.39
6388.21,2018-11-11 16:00:00,3526.03903239,6298.5,6318.0,6352.57
6328.36,2018-11-12 16:00:00,3630.56272124,6244.35,6260.91,6318.01
6298.47,2018-11-13 16:00:00,25121.93301356,5324.0,5595.91,6255.86
5641.0,2018-11-14 16:00:00,19945.90828161,5199.8,5585.0,5592.23
5610.0,2018-11-15 16:00:00,8074.6055758,5411.74,5508.71,5571.12
5550.66,2018-11-16 16:00:00,2732.79162871,5452.63,5503.36,5514.62
5658.47,2018-11-17 16:00:00,2576.4553201,5500.0,5559.26,5503.36
5559.69,2018-11-18 16:00:00,28910.66553331,4694.44,4735.44,5553.01
4897.36,2018-11-19 16:00:00,39775.38943928,4048.58,4352.0,4732.92
4635.0,2018-11-20 16:00:00,20678.25000596,4242.33,4538.01,4349.41
4589.53,2018-11-21 16:00:00,10258.46172893,4194.98,4275.23,4551.47
4364.46,2018-11-22 16:00:00,13322.77736822,4061.02,4288.26,4268.4
4376.88,2018-11-23 16:00:00,14236.74417437,3638.48,3785.65,4288.25
4120.0,2018-11-24 16:00:00,26969.94763424,3474.73,3938.89,3780.67
4069.59,2018-11-25 16:00:00,24357.88293934,3522.28,3727.34,3934.22
3834.35,2018-11-26 16:00:00,16814.00296565,3548.76,3771.01,3727.34
4355.08,2018-11-27 16:00:00,22983.71348838,3771.0,4220.16,3771.01
4409.77,2018-11-28 16:00:00,15944.01262628,4086.97,4249.8,4219.77
4300.0,2018-11-29 16:00:00,14364.62144791,3861.0,3971.06,4250.0
4264.47,2018-11-30 16:00:00,6412.23253743,3904.34,4140.39,3970.56
4265.0,2018-12-01 16:00:00,7019.16205825,4030.0,4102.05,4140.4
4115.15,2018-12-02 16:00:00,10726.6773046,3747.0,3834.34,4099.63
4033.98,2018-12-03 16:00:00,12249.9368879,3730.0,3903.52,3830.81
3913.62,2018-12-04 16:00:00,13443.22072621,3662.35,3696.69,3903.52
3844.79,2018-12-05 16:00:00,15480.96697218,3415.22,3437.26,3694.03
3531.0,2018-12-06 16:00:00,26513.2316249,3210.0,3380.68,3437.22
3495.99,2018-12-07 16:00:00,10176.34927433,3241.0,3398.8,3376.27
3633.2,2018-12-08 16:00:00,8011.02295177,3371.09,3529.75,3398.8
3588.43,2018-12-09 16:00:00,10375.26877055,3355.0,3408.0,3528.68
3427.27,2018-12-10 16:00:00,8951.71070828,3292.65,3353.42,3406.41
3490.0,2018-12-11 16:00:00,7284.10378196,3325.7,3430.18,3345.01
3441.13,2018-12-12 16:00:00,11715.01908312,3221.14,3262.73,3430.2
3294.81,2018-12-13 16:00:00,14437.50526664,3135.55,3195.75,3263.55
3230.0,2018-12-14 16:00:00,5814.86853241,3122.28,3179.54,3194.04
3259.43,2018-12-15 16:00:00,6033.50714633,3178.23,3193.78,3180.84
3590.0,2018-12-16 16:00:00,16389.79444903,3181.26,3496.73,3191.41
3684.0,2018-12-17 16:00:00,13792.36427592,3422.77,3667.16,3499.37
3924.01,2018-12-18 16:00:00,21125.61437541,3642.69,3684.5,3667.16
4172.07,2018-12-19 16:00:00,25986.85291601,3656.75,4073.77,3684.03
4162.0,2018-12-20 16:00:00,16967.23460506,3770.0,3841.08,4073.58
4010.16,2018-12-21 16:00:00,7697.59815203,3780.09,3980.9,3842.59
4051.0,2018-12-22 16:00:00,4609.89261726,3900.0,3943.83,3977.65
4236.84,2018-12-23 16:00:00,12017.91713092,3944.84,4036.0,3947.82
4049.23,2018-12-24 16:00:00,11801.43441841,3674.73,3779.99,4034.54
3863.34,2018-12-25 16:00:00,10064.18282348,3678.8,3810.01,3780.0
3841.17,2018-12-26 16:00:00,11850.012381899998,3566.0,3591.69,3810.01
3970.0,2018-12-27 16:00:00,13055.71840689,3575.0,3884.97,3590.26
3961.85,2018-12-28 16:00:00,6901.3823318,3702.51,3725.48,3884.66
3870.0,2018-12-29 16:00:00,5736.45370818,3688.76,3835.79,3728.96
3842.89,2018-12-30 16:00:00,6667.16373743,3630.0,3693.3,3831.03
3845.46,2018-12-31 16:00:00,5149.60627729,3629.66,3823.44,3693.85
3918.67,2019-01-01 16:00:00,5534.46951453,3770.0,3885.87,3825.41
3893.4,2019-01-02 16:00:00,4803.2461092,3760.0,3787.81,3890.27
3850.33,2019-01-03 16:00:00,7452.05894356,3732.38,3817.71,3785.64
3887.09,2019-01-04 16:00:00,3656.37531439,3780.0,3791.84,3822.0
4090.0,2019-01-05 16:00:00,5400.71486407,3753.0,4040.71,3795.38
4070.0,2019-01-06 16:00:00,7445.09600426,3964.01,4005.45,4040.71
4112.0,2019-01-07 16:00:00,11819.98676966,3934.73,3994.9,4005.0
4060.0,2019-01-08 16:00:00,7389.6677228,3948.44,4000.18,3994.75
4036.22,2019-01-09 16:00:00,16118.42088248,3503.44,3627.51,4003.09
3704.6,2019-01-10 16:00:00,10571.08164263,3569.85,3632.02,3627.65
3650.35,2019-01-11 16:00:00,3184.35219414,3557.09,3617.13,3631.0
3654.02,2019-01-12 16:00:00,5908.52280454,3476.0,3515.95,3617.75
3714.0,2019-01-13 16:00:00,9925.99072165,3506.0,3664.28,3517.03
3687.02,2019-01-14 16:00:00,8059.817377699999,3534.68,3576.93,3664.28
3669.0,2019-01-15 16:00:00,7675.06606371,3570.48,3605.91,3576.92
3660.0,2019-01-16 16:00:00,7499.52552971,3534.25,3638.01,3609.5
3641.9,2019-01-17 16:00:00,5023.5102908,3577.0,3609.21,3638.01
3774.0,2019-01-18 16:00:00,4080.88346413,3602.6,3681.0,3609.29
3703.27,2019-01-19 16:00:00,5591.01583422,3470.0,3536.72,3680.0
3573.29,2019-01-20 16:00:00,5821.89983137,3485.58,3531.51,3537.42
3615.8,2019-01-21 16:00:00,6877.0636755,3401.36,3576.81,3531.51
3620.23,2019-01-22 16:00:00,6170.84267224,3518.0,3552.32,3574.44
3598.0,2019-01-23 16:00:00,4488.01463801,3524.0,3570.73,3553.2
3578.79,2019-01-24 16:00:00,4961.79512299,3511.0,3560.0,3570.67
3657.89,2019-01-25 16:00:00,2697.88387935,3536.51,3555.56,3560.94
3564.12,2019-01-26 16:00:00,3852.6596409000003,3456.0,3533.23,3555.31
3536.77,2019-01-27 16:00:00,10345.1009104,3357.3,3429.5,3532.23
3438.76,2019-01-28 16:00:00,7284.38686266,3322.19,3390.5,3431.43
3465.05,2019-01-29 16:00:00,5704.02340186,3372.34,3437.35,3391.25
3474.2,2019-01-30 16:00:00,5951.8181698,3392.6,3413.11,3438.0
3460.0,2019-01-31 16:00:00,6659.84752495,3364.53,3434.83,3413.69
3485.0,2019-02-01 16:00:00,3051.95860768,3406.38,3462.82,3434.83
3476.33,2019-02-02 16:00:00,2813.89222442,3384.67,3414.82,3470.5
3439.46,2019-02-03 16:00:00,3244.08497898,3394.85,3410.87,3413.75
3435.0,2019-02-04 16:00:00,4045.62530164,3396.0,3431.39,3409.81
3445.6,2019-02-05 16:00:00,6137.40639817,3328.7,3364.62,3431.81
3383.29,2019-02-06 16:00:00,4293.5558141,3350.0,3359.33,3364.0
3711.04,2019-02-07 16:00:00,14388.64754224,3337.91,3622.94,3358.39
3639.74,2019-02-08 16:00:00,4054.50461695,3589.52,3622.62,3626.12
3662.43,2019-02-09 16:00:00,4155.50568273,3576.16,3650.37,3622.74
3652.56,2019-02-10 16:00:00,7931.40887407,3578.7,3588.7,3651.32
3619.93,2019-02-11 16:00:00,10074.81670532,3548.28,3585.94,3588.99
3629.81,2019-02-12 16:00:00,7992.74321134,3541.0,3574.93,3585.7
3590.74,2019-02-13 16:00:00,5910.24312876,3531.01,3560.46,3575.01
3620.53,2019-02-14 16:00:00,6234.76805726,3544.88,3566.29,3560.45
3609.0,2019-02-15 16:00:00,3442.47630393,3561.96,3579.92,3566.29
3663.34,2019-02-16 16:00:00,5012.46127538,3553.98,3625.6,3580.43
3916.47,2019-02-17 16:00:00,15567.08485429,3614.82,3869.8,3625.6
4000.0,2019-02-18 16:00:00,12525.13651013,3840.08,3888.46,3870.97
3967.52,2019-02-19 16:00:00,9854.35493853,3861.49,3936.53,3889.92
3989.99,2019-02-20 16:00:00,8055.79892817,3866.25,3900.4,3936.8
3957.0,2019-02-21 16:00:00,6593.85993401,3882.59,3939.82,3900.64
4157.87,2019-02-22 16:00:00,7966.31721086,3905.63,4113.53,3939.83
4190.0,2019-02-23 16:00:00,13737.01398845,3714.42,3730.68,4113.56
3861.81,2019-02-24 16:00:00,8835.36224921,3732.6,3820.71,3733.78
3830.0,2019-02-25 16:00:00,6543.16453722,3760.09,3795.06,3817.93
3822.85,2019-02-26 16:00:00,7602.29984472,3658.19,3798.47,3794.42
3897.62,2019-02-27 16:00:00,6747.88027166,3755.0,3791.36,3796.49
3845.3,2019-02-28 16:00:00,4761.41015902,3789.5,3807.05,3791.02
3818.75,2019-03-01 16:00:00,3259.74312485,3760.0,3810.46,3805.0
3822.39,2019-03-02 16:00:00,2508.08649072,3756.0,3789.52,3810.47
3806.9,2019-03-03 16:00:00,7293.71962839,3670.0,3698.66,3789.7
3877.1,2019-03-04 16:00:00,7280.82397551,3690.0,3844.07,3698.65
3895.12,2019-03-05 16:00:00,6402.67507493,3808.8,3851.55,3844.07
3891.04,2019-03-06 16:00:00,7964.50825371,3826.13,3856.64,3851.26
3924.37,2019-03-07 16:00:00,7707.39667049,3760.1,3844.64,3856.78
3950.25,2019-03-08 16:00:00,5125.89830383,3835.66,3916.43,3841.27
3916.43,2019-03-09 16:00:00,3000.60671855,3862.0,3897.92,3916.42
3912.89,2019-03-10 17:00:00,6612.11516125,3812.64,3849.25,3898.14
3877.69,2019-03-11 17:00:00,5794.61473428,3791.07,3859.74,3848.86
3874.68,2019-03-12 17:00:00,4275.54000025,3820.0,3848.48,3861.37
3903.98,2019-03-13 17:00:00,5167.56617609,3775.01,3854.77,3848.1
3912.06,2019-03-14 17:00:00,6411.98332751,3843.09,3901.21,3857.33
4040.0,2019-03-15 17:00:00,6959.47788339,3899.12,3990.0,3899.19
3992.42,2019-03-16 17:00:00,2711.95016796,3927.28,3965.5,3990.0
4016.63,2019-03-17 17:00:00,5420.23037801,3929.83,3969.59,3965.63
4012.63,2019-03-18 17:00:00,5317.45055524,3947.15,3998.13,3969.94
4050.0,2019-03-19 17:00:00,6244.95370182,3962.6,4031.59,3999.5
4055.35,2019-03-20 17:00:00,7561.75989694,3919.63,3974.21,4033.7
4000.81,2019-03-21 17:00:00,3453.36892821,3958.94,3982.07,3974.5
4001.17,2019-03-22 17:00:00,2259.5645261,3957.11,3982.52,3980.4
3980.97,2019-03-23 17:00:00,2204.06560941,3942.04,3969.99,3979.19
3980.22,2019-03-24 17:00:00,6913.36709721,3850.45,3910.51,3970.23
3936.36,2019-03-25 17:00:00,4315.60487708,3879.5,3922.58,3910.0
4037.11,2019-03-26 17:00:00,8151.67504888,3912.19,4025.5,3922.58
4025.56,2019-03-27 17:00:00,3927.54682157,3992.6,4012.23,4025.5
4102.57,2019-03-28 17:00:00,8391.03462414,4005.0,4090.0,4011.0
4130.36,2019-03-29 17:00:00,3923.1364664000002,4040.0,4094.92,4090.0
4101.7,2019-03-30 17:00:00,2402.58820541,4074.29,4096.08,4094.92
4150.0,2019-03-31 17:00:00,7232.98731201,4052.56,4136.32,4092.02
5080.0,2019-04-01 17:00:00,30686.17351442,4130.64,4899.63,4133.93
5345.0,2019-04-02 17:00:00,29321.27268405,4800.5,4978.23,4899.01
5077.35,2019-04-03 17:00:00,15898.11514808,4778.59,4907.94,4972.83
5067.62,2019-04-04 17:00:00,13023.7465161,4883.83,5039.73,4911.14
5240.0,2019-04-05 17:00:00,10049.84478829,4900.0,5041.39,5041.0
5253.49,2019-04-06 17:00:00,10872.51935616,5028.3,5190.85,5041.92
5347.37,2019-04-07 17:00:00,13344.98151487,5127.68,5287.88,5192.92
5288.95,2019-04-08 17:00:00,9410.35350033,5136.01,5192.6,5287.97
5466.06,2019-04-09 17:00:00,10723.93474696,5161.0,5323.47,5184.03
5344.31,2019-04-10 17:00:00,15052.95606333,4966.87,5040.2,5323.47
5122.48,2019-04-11 17:00:00,8057.03847684,4912.0,5076.35,5037.82
5122.01,2019-04-12 17:00:00,4520.43702971,5033.73,5063.63,5075.74
5185.26,2019-04-13 17:00:00,3443.44728316,5012.73,5162.72,5064.0
5192.01,2019-04-14 17:00:00,7423.01375858,4948.57,5027.31,5160.54
5231.96,2019-04-15 17:00:00,7675.40412015,5014.77,5202.43,5027.33
5275.07,2019-04-16 17:00:00,6741.07720986,5170.01,5233.72,5201.47
5325.0,2019-04-17 17:00:00,6375.89568714,5218.23,5281.58,5227.6
5357.96,2019-04-18 17:00:00,5285.60637017,5180.37,5289.91,5283.0
5362.97,2019-04-19 17:00:00,3665.56962108,5253.82,5318.89,5289.91
5346.91,2019-04-20 17:00:00,4631.03916752,5212.8,5295.65,5318.94
5439.12,2019-04-21 17:00:00,7127.11186779,5249.0,5386.8,5295.96
5627.0,2019-04-22 17:00:00,10132.40317154,5363.24,5531.32,5388.22
5623.3,2019-04-23 17:00:00,10521.03763127,5372.0,5440.95,5531.29
5510.0,2019-04-24 17:00:00,9893.93590864,4991.42,5132.55,5440.95
5291.48,2019-04-25 17:00:00,15033.1017793,5046.31,5155.19,5132.5
5218.31,2019-04-26 17:00:00,4041.33355341,5113.0,5168.91,5154.11
5213.23,2019-04-27 17:00:00,3957.25435637,5099.0,5160.98,5171.51
5191.96,2019-04-28 17:00:00,5753.61513714,5071.58,5149.11,5152.98
5287.4,2019-04-29 17:00:00,5055.2728357,5127.05,5269.0,5150.21
5357.96,2019-04-30 17:00:00,4209.28441353,5263.03,5318.42,5267.86
5422.94,2019-05-01 17:00:00,5908.52172325,5304.99,5385.0,5322.28
5796.56,2019-05-02 17:00:00,12700.58899257,5363.1,5658.22,5385.0
5846.13,2019-05-03 17:00:00,8525.45570755,5510.0,5764.65,5659.82
5782.55,2019-05-04 17:00:00,5162.56182988,5624.25,5709.32,5766.46
5755.79,2019-05-05 17:00:00,6826.98087533,5562.44,5685.46,5714.4
5970.0,2019-05-06 17:00:00,10741.56186069,5686.88,5751.54,5686.88
5986.0,2019-05-07 17:00:00,6320.4135454,5658.66,5940.89,5751.54
6172.0,2019-05-08 17:00:00,9081.24077807,5932.83,6156.7,5945.32
6426.8,2019-05-09 17:00:00,13821.71360689,6105.0,6342.84,6151.66
7445.0,2019-05-10 17:00:00,22331.43531269,6338.93,7217.47,6338.93
7585.0,2019-05-11 17:00:00,27398.21436403,6762.57,6974.35,7214.4
8167.5,2019-05-12 17:00:00,27299.34473923,6863.75,7810.05,6968.84
8335.56,2019-05-13 17:00:00,18881.44115957,7618.99,7986.0,7810.72
8300.0,2019-05-14 17:00:00,16613.07123458,7838.0,8208.69,7991.72
8390.95,2019-05-15 17:00:00,17078.7037596,7654.93,7880.0,8203.97
7942.09,2019-05-16 17:00:00,27307.57969969,6178.0,7351.71,7879.28
7493.85,2019-05-17 17:00:00,7564.89968988,7205.57,7260.12,7352.39
8299.99,2019-05-18 17:00:00,15595.26745165,7247.86,8200.0,7257.82
8199.97,2019-05-19 17:00:00,13426.78750889,7581.03,8005.64,8193.45
8117.48,2019-05-20 17:00:00,7518.5556768999995,7676.27,7955.16,8007.67
8049.22,2019-05-21 17:00:00,8396.82203697,7505.69,7624.95,7949.18
7980.0,2019-05-22 17:00:00,8370.35625318,7468.31,7880.22,7622.9
8188.87,2019-05-23 17:00:00,9358.97181211,7795.95,7999.02,7880.4
8158.45,2019-05-24 17:00:00,3361.65325124,7939.76,8064.64,7999.02
8802.29,2019-05-25 17:00:00,8526.81164447,7888.91,8733.26,8066.15
8939.18,2019-05-26 17:00:00,8948.02467376,8653.68,8770.73,8733.27
8817.41,2019-05-27 17:00:00,6144.01124571,8540.94,8717.96,8774.45
8762.39,2019-05-28 17:00:00,7584.25785894,8421.12,8663.41,8715.35
9096.79,2019-05-29 17:00:00,15259.58792555,8000.0,8277.76,8663.07
8589.99,2019-05-30 17:00:00,9957.91006545,8109.74,8547.2,8277.76
8624.72,2019-05-31 17:00:00,5167.05130706,8457.33,8556.27,8545.8
8833.97,2019-06-01 17:00:00,4263.036165300001,8546.01,8734.49,8560.1
8745.96,2019-06-02 17:00:00,9955.03261894,8049.22,8103.64,8735.84
8103.63,2019-06-03 17:00:00,15485.70215021,7432.84,7665.53,8103.63
7924.48,2019-06-04 17:00:00,9193.71188764,7570.9,7785.94,7673.41
7878.62,2019-06-05 17:00:00,8738.66635896,7449.68,7806.07,7784.62
8134.99,2019-06-06 17:00:00,9012.09615945,7758.93,8001.25,7801.97
8061.12,2019-06-07 17:00:00,4870.11556741,7777.67,7932.27,8002.68
7966.58,2019-06-08 17:00:00,3895.84810538,7511.41,7632.99,7933.17
8090.0,2019-06-09 17:00:00,7150.59429755,7523.16,8021.1,7629.98
8057.32,2019-06-10 17:00:00,5552.68803771,7713.34,7919.1,8017.99
8266.0,2019-06-11 17:00:00,8577.16249687,7821.73,8176.27,7915.7
8335.56,2019-06-12 17:00:00,7237.80039095,8049.22,8238.0,8171.12
8737.37,2019-06-13 17:00:00,8678.250306299999,8174.92,8697.54,8235.44
8911.98,2019-06-14 17:00:00,5275.753069100001,8623.52,8857.19,8694.74
9391.85,2019-06-15 17:00:00,15018.85335613,8805.0,8974.19,8857.19
9477.7,2019-06-16 17:00:00,12760.96069746,8973.02,9333.48,8973.02
9361.87,2019-06-17 17:00:00,11327.45394298,8918.0,9078.84,9333.48
9325.85,2019-06-18 17:00:00,4687.25984305,9036.19,9278.27,9076.51
9600.0,2019-06-19 17:00:00,7870.31583938,9211.08,9534.99,9280.17
10229.49,2019-06-20 17:00:00,12553.09963424,9534.97,10222.12,9534.99
11200.0,2019-06-21 17:00:00,13709.30032222,10085.5,10661.3,10222.13
11247.62,2019-06-22 17:00:00,7270.645811599999,10483.33,10831.95,10665.66
11099.0,2019-06-23 17:00:00,8247.39381098,10551.51,11029.63,10827.23
11796.37,2019-06-24 17:00:00,12133.57175867,11000.02,11751.01,11030.0
13880.0,2019-06-25 17:00:00,37487.80242579,11647.07,12920.54,11760.0
13355.61,2019-06-26 17:00:00,36106.96055323,10300.0,11153.74,12927.44
12447.46,2019-06-27 17:00:00,18718.10158772,10739.1,12354.43,11153.73
12386.76,2019-06-28 17:00:00,12265.99736052,11317.03,11858.62,12354.45
12200.06,2019-06-29 17:00:00,12642.61772277,10651.3,10760.1,11867.35
11200.41,2019-06-30 17:00:00,22917.43710404,9950.0,10577.43,10759.24
10942.63,2019-07-01 17:00:00,20285.24655295,9614.08,10828.9,10581.78
12009.0,2019-07-02 17:00:00,19389.85475767,10830.1,11967.43,10830.1
12061.04,2019-07-03 17:00:00,11185.29420376,11052.74,11146.34,11970.0
11440.0,2019-07-04 17:00:00,11893.4379497,10769.15,10997.84,11144.82
11735.0,2019-07-05 17:00:00,7892.17866812,10982.89,11240.0,10996.82
11627.0,2019-07-06 17:00:00,6683.05546715,11083.76,11469.96,11233.21
12398.0,2019-07-07 17:00:00,11901.90089462,11332.19,12286.14,11478.43
12883.48,2019-07-08 17:00:00,15115.552383899998,12030.43,12567.23,12299.94
13200.0,2019-07-09 17:00:00,19838.38994897,11550.0,12098.95,12574.88
12104.97,2019-07-10 17:00:00,18468.68600043,10966.81,11349.24,12101.44
11942.39,2019-07-11 17:00:00,9176.67942993,11083.52,11808.91,11352.74
11846.61,2019-07-12 17:00:00,9391.35341435,10810.0,11378.79,11811.08
11467.3,2019-07-13 17:00:00,12170.40823763,10090.0,10191.87,11382.03
11080.37,2019-07-14 17:00:00,16048.02718406,9855.0,10850.0,10191.87
11042.11,2019-07-15 17:00:00,20761.02748001,9366.0,9412.81,10848.27
9993.0,2019-07-16 17:00:00,16992.78525932,9049.54,9699.35,9427.45
10797.0,2019-07-17 17:00:00,18289.54217585,9280.33,10648.6,9712.15
10776.99,2019-07-18 17:00:00,13787.45646718,10102.58,10535.43,10638.44
11120.0,2019-07-19 17:00:00,9964.67388282,10359.17,10750.11,10533.71
10839.09,2019-07-20 17:00:00,5628.16176664,10325.0,10600.24,10757.15
10686.89,2019-07-21 17:00:00,9371.30644231,10052.25,10328.83,10605.03
10327.33,2019-07-22 17:00:00,9040.84882621,9801.88,9847.02,10315.87
9911.5,2019-07-23 17:00:00,9433.34520017,9514.96,9763.67,9841.42
10187.0,2019-07-24 17:00:00,6377.95751785,9734.19,9883.96,9781.52
9897.46,2019-07-25 17:00:00,5570.10914746,9650.0,9846.94,9886.08
10235.0,2019-07-26 17:00:00,9614.10207519,9299.0,9481.37,9846.94
9634.5,2019-07-27 17:00:00,3860.8348169,9111.0,9533.19,9467.84
9725.17,2019-07-28 17:00:00,5068.6543093,9360.0,9495.39,9538.73
9775.0,2019-07-29 17:00:00,5533.97118529,9373.48,9593.62,9508.21
10143.2,2019-07-30 17:00:00,7917.5084772,9574.09,10085.34,9592.26
10499.0,2019-07-31 17:00:00,7681.73235986,9878.09,10407.71,10096.01
10670.0,2019-08-01 17:00:00,9286.86172741,10318.47,10529.51,10416.79
10919.0,2019-08-02 17:00:00,6996.11722818,10502.8,10821.52,10529.51
11085.99,2019-08-03 17:00:00,7556.32923024,10564.96,10986.96,10812.58
11959.36,2019-08-04 17:00:00,17260.45577332,10986.55,11800.0,10986.55
12325.0,2019-08-05 17:00:00,16420.57916354,11200.0,11470.0,11800.0
12145.42,2019-08-06 17:00:00,15480.45524249,11388.01,11971.57,11471.58
12061.1,2019-08-07 17:00:00,10144.46210884,11450.93,11983.43,11973.46
12040.0,2019-08-08 17:00:00,7336.91484905,11650.0,11859.32,11985.6
11976.68,2019-08-09 17:00:00,7447.24834124,11200.0,11273.2,11859.32
11589.73,2019-08-10 17:00:00,4361.39069182,11080.37,11528.73,11273.03
11551.57,2019-08-11 17:00:00,3417.70935664,11194.04,11385.11,11527.44
11446.94,2019-08-12 17:00:00,9003.17888634,10738.58,10862.28,11380.61
10862.25,2019-08-13 17:00:00,12678.9411947,9888.57,10022.99,10862.25
10444.66,2019-08-14 17:00:00,15083.17326332,9467.57,10301.44,10022.5
10540.0,2019-08-15 17:00:00,11080.39966131,9736.96,10354.34,10294.9
10472.93,2019-08-16 17:00:00,3907.52839849,9974.51,10210.89,10351.18
10515.0,2019-08-17 17:00:00,3398.41986671,10065.41,10318.99,10221.94
10940.0,2019-08-18 17:00:00,8044.02134828,10267.56,10927.3,10318.99
10955.48,2019-08-19 17:00:00,5883.59995275,10549.74,10772.22,10927.3
10807.54,2019-08-20 17:00:00,9812.62171129,9853.45,10134.75,10778.75
10238.29,2019-08-21 17:00:00,6710.30664788,9755.53,10112.01,10123.56
10479.0,2019-08-22 17:00:00,5557.29144342,10051.0,10401.6,10112.45
10432.0,2019-08-23 17:00:00,5106.55673687,9885.48,10149.7,10401.87
10355.89,2019-08-24 17:00:00,3953.39528117,9907.86,10136.75,10149.38
10650.0,2019-08-25 17:00:00,7166.67534085,10136.75,10360.97,10136.75
10375.53,2019-08-26 17:00:00,4781.3350218000005,10019.1,10167.29,10355.11
10280.71,2019-08-27 17:00:00,9303.15591906,9555.0,9711.78,10171.39
9720.2,2019-08-28 17:00:00,7717.10637568,9320.0,9490.0,9720.2
9700.0,2019-08-29 17:00:00,5317.309700100001,9350.1,9579.75,9490.56
9682.73,2019-08-30 17:00:00,1572.15542709,9443.19,9594.15,9569.3
9832.0,2019-08-31 17:00:00,1799.36720121,9538.75,9767.53,9593.5
10471.0,2019-09-01 17:00:00,6144.79883515,9753.24,10384.48,9767.56
10783.0,2019-09-02 17:00:00,11443.53849727,10286.0,10617.61,10384.07
10834.15,2019-09-03 17:00:00,10088.7236301,10378.7,10586.26,10617.72
10664.13,2019-09-04 17:00:00,4555.62463429,10461.97,10573.66,10586.26
10949.0,2019-09-05 17:00:00,10701.50994422,10204.18,10311.09,10573.04
10580.0,2019-09-06 17:00:00,3148.50895336,10297.58,10484.39,10309.04
10594.88,2019-09-07 17:00:00,3130.86103548,10229.49,10400.18,10497.57
10542.93,2019-09-08 17:00:00,6059.76274364,10060.0,10307.45,10387.33
10390.09,2019-09-09 17:00:00,4658.92141056,9910.0,10096.0,10317.62
10243.01,2019-09-10 17:00:00,4614.34849343,9855.11,10154.46,10093.39
10465.0,2019-09-11 17:00:00,4719.04668642,10027.52,10420.34,10163.81
10458.13,2019-09-12 17:00:00,3755.41742244,10153.87,10368.65,10423.99
10441.47,2019-09-13 17:00:00,2656.15453049,10217.01,10355.37,10365.81
10383.2,2019-09-14 17:00:00,2297.72276878,10258.49,10305.74,10362.52
10378.07,2019-09-15 17:00:00,5496.03749388,10060.95,10269.98,10320.36
10280.53,2019-09-16 17:00:00,5078.59865576,10130.59,10195.73,10257.2
10263.65,2019-09-17 17:00:00,3952.00683587,10080.0,10152.09,10182.96
10380.07,2019-09-18 17:00:00,7455.91141166,9600.0,10271.53,10161.59
10308.04,2019-09-19 17:00:00,4463.38202069,10055.0,10169.02,10284.72
10180.43,2019-09-20 17:00:00,4148.89981496,9913.35,9985.28,10169.02
10093.24,2019-09-21 17:00:00,3213.9540957,9842.35,10020.58,9973.0
10048.06,2019-09-22 17:00:00,5447.96313246,9606.0,9682.19,10022.38
9782.0,2019-09-23 17:00:00,28154.41355726,7998.0,8536.82,9685.69
8746.83,2019-09-24 17:00:00,17435.8678913,8216.0,8432.16,8536.71
8467.89,2019-09-25 17:00:00,16662.32021152,7733.99,8055.03,8443.44
8294.04,2019-09-26 17:00:00,10165.85293694,7866.0,8187.72,8055.25
8356.4,2019-09-27 17:00:00,6315.48953894,8009.84,8218.07,8199.96
8244.07,2019-09-28 17:00:00,5366.5707177,7902.66,8047.6,8218.07
8368.5,2019-09-29 17:00:00,9518.99210777,7714.7,8298.45,8060.13
8531.25,2019-09-30 17:00:00,10224.59198253,8195.42,8319.01,8304.47
8393.39,2019-10-01 17:00:00,4952.534115199999,8170.91,8373.42,8326.41
8419.23,2019-10-02 17:00:00,8701.12039607,8029.14,8239.92,8377.68
8244.93,2019-10-03 17:00:00,6278.78141904,7986.65,8152.07,8243.39
8195.0,2019-10-04 17:00:00,4445.10406787,8016.26,8145.17,8157.89
8176.46,2019-10-05 17:00:00,6454.53572694,7772.71,7854.12,8150.73
8313.7,2019-10-06 17:00:00,9363.32718459,7763.54,8205.53,7863.75
8344.12,2019-10-07 17:00:00,3577.72287319,8109.74,8178.54,8211.04
8707.8,2019-10-08 17:00:00,11634.19484623,8110.0,8586.34,8185.85
8666.84,2019-10-09 17:00:00,7435.43199033,8450.61,8582.11,8586.57
8820.0,2019-10-10 17:00:00,7824.58718752,8222.88,8265.55,8589.08
8427.76,2019-10-11 17:00:00,1828.83312447,8254.68,8303.43,8265.16
8474.48,2019-10-12 17:00:00,4445.28381368,8132.91,8282.96,8303.43
8416.67,2019-10-13 17:00:00,4294.6073891999995,8215.41,8362.99,8278.39
8420.85,2019-10-14 17:00:00,5044.66127938,8086.0,8155.13,8353.33
8179.1,2019-10-15 17:00:00,8644.40011646,7912.66,7995.89,8162.45
8130.71,2019-10-16 17:00:00,5395.88599206,7936.71,8073.32,7995.73
8120.77,2019-10-17 17:00:00,5611.09353737,7811.62,7955.08,8069.26
8096.76,2019-10-18 17:00:00,3461.12529207,7875.0,7960.49,7950.48
8314.77,2019-10-19 17:00:00,6358.92499072,7874.68,8235.74,7965.39
8352.0,2019-10-20 17:00:00,4919.73416831,8156.0,8213.65,8236.49
8314.77,2019-10-21 17:00:00,5678.93483059,7989.15,8025.9,8206.53
8052.04,2019-10-22 17:00:00,13306.18266092,7293.55,7470.77,8021.57
7512.0,2019-10-23 17:00:00,4997.4230935000005,7356.0,7435.0,7470.77
8784.29,2019-10-24 17:00:00,19113.79549622,7393.14,8662.66,7427.0
10350.0,2019-10-25 17:00:00,38751.80025476,8642.46,9252.75,8677.09
9819.92,2019-10-26 17:00:00,17783.02515594,9092.66,9557.08,9262.72
9950.0,2019-10-27 17:00:00,14722.01859796,9177.84,9216.44,9547.32
9573.35,2019-10-28 17:00:00,9059.61157854,9051.48,9426.94,9216.39
9437.06,2019-10-29 17:00:00,8814.43804818,8985.25,9159.94,9426.94
9438.61,2019-10-30 17:00:00,10113.15940929,8961.53,9150.07,9169.55
9303.53,2019-10-31 17:00:00,6640.55238456,9054.6,9250.45,9158.08
9396.91,2019-11-01 17:00:00,2701.13696278,9201.19,9304.75,9250.7
9384.32,2019-11-02 17:00:00,2539.21833111,9067.0,9207.0,9304.75
9586.5,2019-11-03 16:00:00,4962.44231548,9122.33,9410.76,9207.0
9485.0,2019-11-04 16:00:00,4979.57899177,9165.2,9320.14,9410.76
9448.19,2019-11-05 16:00:00,4670.23465673,9254.68,9344.78,9319.1
9373.48,2019-11-06 16:00:00,3975.97661681,9080.0,9199.36,9346.02
9253.39,2019-11-07 16:00:00,9699.74677043,8661.0,8767.37,9209.3
8876.94,2019-11-08 16:00:00,2271.51792167,8720.0,8812.21,8760.38
9142.33,2019-11-09 16:00:00,2663.27825012,8750.85,9024.49,8806.85
9075.32,2019-11-10 16:00:00,6392.97505953,8593.0,8720.36,9029.88
8872.47,2019-11-11 16:00:00,4721.90610684,8549.0,8813.91,8720.36
8839.46,2019-11-12 16:00:00,3185.82098874,8700.0,8755.24,8817.0
8791.78,2019-11-13 16:00:00,3412.80581524,8555.0,8636.9,8765.53
8799.03,2019-11-14 16:00:00,5213.70141434,8363.0,8463.49,8632.07
8539.53,2019-11-15 16:00:00,1180.57339029,8423.0,8484.63,8459.38
8631.6,2019-11-16 16:00:00,2074.00770126,8375.0,8499.31,8485.61
8508.4,2019-11-17 16:00:00,4825.65562506,8010.7,8170.65,8499.53
8197.77,2019-11-18 16:00:00,4412.39464174,7989.15,8121.63,8176.9
8231.04,2019-11-19 16:00:00,2996.00619203,8027.28,8088.44,8124.08
8116.92,2019-11-20 16:00:00,9374.99957046,7394.09,7611.51,8085.54
7714.7,2019-11-21 16:00:00,20120.14646602,6785.0,7285.85,7612.23
7356.49,2019-11-22 16:00:00,5550.47222776,7102.16,7320.39,7276.21
7349.68,2019-11-23 16:00:00,6047.01776023,6861.96,6908.36,7330.98
7380.0,2019-11-24 16:00:00,18716.60131311,6515.0,7122.14,6900.9
7344.91,2019-11-25 16:00:00,7643.84956815,7018.78,7159.22,7127.12
7676.27,2019-11-26 16:00:00,15156.9919345,6847.72,7527.84,7168.74
7659.92,2019-11-27 16:00:00,6925.58489749,7372.19,7436.72,7517.82
7870.35,2019-11-28 16:00:00,7658.87160206,7411.17,7753.69,7429.32
7815.0,2019-11-29 16:00:00,5446.27351349,7452.08,7550.67,7753.69
7560.2,2019-11-30 16:00:00,5477.97290774,7233.87,7412.66,7560.2
7431.07,2019-12-01 16:00:00,4324.30016255,7140.08,7309.64,7411.75
7415.0,2019-12-02 16:00:00,2552.20229834,7238.04,7300.43,7317.94
7772.71,2019-12-03 16:00:00,7737.39153487,7087.09,7197.78,7299.2
7500.0,2019-12-04 16:00:00,4641.75678879,7150.06,7390.42,7199.58
7618.99,2019-12-05 16:00:00,4167.2401632,7305.56,7541.79,7397.35
7638.88,2019-12-06 16:00:00,2034.5737190000002,7486.7,7502.65,7535.46
7580.0,2019-12-07 16:00:00,1798.77041268,7382.69,7524.26,7505.86
7666.0,2019-12-08 16:00:00,6582.47031165,7268.03,7340.52,7516.8
7400.0,2019-12-09 16:00:00,4090.62092926,7150.23,7216.07,7332.05
7271.0,2019-12-10 16:00:00,3419.93896517,7122.28,7207.42,7224.5
7296.19,2019-12-11 16:00:00,4376.88899274,7072.2,7188.42,7208.95
7302.35,2019-12-12 16:00:00,3178.07849595,7179.65,7257.47,7185.15
7269.0,2019-12-13 16:00:00,2012.34890643,7007.48,7059.03,7255.94
7225.23,2019-12-14 16:00:00,1848.34572822,7007.0,7115.08,7066.35
7147.91,2019-12-15 16:00:00,5923.05547919,6820.0,6882.19,7115.08
6938.77,2019-12-16 16:00:00,7107.25638535,6550.0,6612.3,6882.08
7449.68,2019-12-17 16:00:00,12873.63439214,6425.0,7286.91,6619.53
7372.12,2019-12-18 16:00:00,5936.55634536,7000.0,7149.57,7286.91
7218.11,2019-12-19 16:00:00,3201.66392251,7072.61,7194.11,7157.53
7194.13,2019-12-20 16:00:00,1689.08199513,7109.73,7147.4,7194.13
7530.0,2019-12-21 16:00:00,3796.22608082,7124.52,7509.7,7147.4
7692.98,2019-12-22 16:00:00,6710.767360399999,7247.86,7316.17,7521.88
7431.1,2019-12-23 16:00:00,4194.58980335,7156.0,7251.52,7317.47
7266.81,2019-12-24 16:00:00,1504.52751296,7110.73,7195.79,7247.45
7432.0,2019-12-25 16:00:00,3116.74715162,7150.0,7188.3,7195.8
7255.37,2019-12-26 16:00:00,4024.57086599,7052.0,7246.0,7195.17
7349.65,2019-12-27 16:00:00,1579.70272647,7231.0,7296.24,7247.7
7524.46,2019-12-28 16:00:00,2583.85134193,7274.43,7385.54,7297.43
7384.9,2019-12-29 16:00:00,3722.91334933,7199.0,7220.24,7372.79
7302.35,2019-12-30 16:00:00,2638.69130899,7112.55,7168.36,7222.74
7237.35,2019-12-31 16:00:00,1119.10969318,7150.0,7178.68,7160.69
7184.94,2020-01-01 16:00:00,3972.70795427,6900.0,6950.56,7174.7
7402.31,2020-01-02 16:00:00,8072.72908749,6853.53,7338.91,6945.7
7396.1,2020-01-03 16:00:00,3256.73735349,7256.03,7344.48,7332.58
7495.0,2020-01-04 16:00:00,2707.27385549,7310.0,7356.7,7356.05
7817.0,2020-01-05 16:00:00,6728.28277831,7342.46,7762.74,7352.12
8220.0,2020-01-06 16:00:00,12158.32281238,7697.03,8159.01,7768.17
8463.57,2020-01-07 16:00:00,11913.23248192,7872.09,8044.44,8151.79
8048.94,2020-01-08 16:00:00,5957.24423978,7737.97,7806.78,8048.94
8200.0,2020-01-09 16:00:00,8999.98825687,7667.0,8200.0,7812.7
8286.0,2020-01-10 16:00:00,3788.3273136,8000.0,8016.22,8200.0
8190.0,2020-01-11 16:00:00,2056.08675369,7960.0,8180.76,8008.1
8196.81,2020-01-12 16:00:00,4011.43909644,8039.0,8105.01,8180.75
8895.0,2020-01-13 16:00:00,17009.43193382,8105.01,8813.04,8105.01
8903.2,2020-01-14 16:00:00,8606.88339936,8555.0,8809.17,8813.2
8852.35,2020-01-15 16:00:00,6713.2584764,8573.91,8710.15,8810.62
9015.22,2020-01-16 16:00:00,9363.15892644,8661.52,8892.63,8715.39
9000.1,2020-01-17 16:00:00,3678.00926615,8798.9,8908.53,8898.03
9188.1,2020-01-18 16:00:00,8785.449927,8461.38,8696.6,8901.02
8740.54,2020-01-19 16:00:00,4420.19825219,8507.93,8625.17,8698.97
8778.66,2020-01-20 16:00:00,3394.68916005,8480.0,8717.89,8629.66
8792.98,2020-01-21 16:00:00,3143.81212331,8567.68,8655.93,8728.47
8665.95,2020-01-22 16:00:00,8611.0107876,8280.0,8378.44,8661.63
8530.7,2020-01-23 16:00:00,6430.43023326,8212.9,8422.13,8382.08
8437.47,2020-01-24 16:00:00,2812.78995216,8252.72,8329.5,8435.83
8600.0,2020-01-25 16:00:00,6340.58577579,8276.22,8590.48,8320.0
9004.35,2020-01-26 16:00:00,9619.7747426,8546.55,8894.54,8600.0
9413.24,2020-01-27 16:00:00,9565.55935515,8876.0,9400.0,8894.57
9443.96,2020-01-28 16:00:00,6481.91594603,9215.5,9289.18,9386.57
9570.0,2020-01-29 16:00:00,7945.15877894,9166.07,9500.0,9280.83
9529.35,2020-01-30 16:00:00,5009.62230695,9195.93,9327.85,9510.84
9464.16,2020-01-31 16:00:00,1669.00246242,9280.33,9377.17,9339.26
9474.28,2020-02-01 16:00:00,3015.79158859,9135.0,9329.39,9379.6
9615.0,2020-02-02 16:00:00,4758.13350441,9211.07,9288.09,9309.69
9348.6,2020-02-03 16:00:00,4867.22545881,9075.0,9159.37,9281.0
9775.0,2020-02-04 16:00:00,8063.96793828,9142.52,9618.42,9168.49
9859.57,2020-02-05 16:00:00,7554.48867469,9521.0,9754.63,9617.84
9878.0,2020-02-06 16:00:00,4013.49096731,9706.94,9803.42,9754.63
9948.97,2020-02-07 16:00:00,3268.73554695,9658.58,9902.0,9803.71
10178.54,2020-02-08 16:00:00,4830.33787739,9885.04,10173.97,9907.7
10199.85,2020-02-09 16:00:00,7560.66789084,9731.2,9850.01,10173.51
10383.9,2020-02-10 16:00:00,8127.59636283,9706.94,10268.98,9851.99
10495.0,2020-02-11 16:00:00,6553.40942709,10247.35,10348.78,10270.98
10500.5,2020-02-12 16:00:00,9347.45128374,10068.0,10228.67,10348.78
10398.0,2020-02-13 16:00:00,6190.37749036,10093.26,10364.04,10229.19
10408.04,2020-02-14 16:00:00,5762.30634481,9739.0,9899.78,10364.04
10051.24,2020-02-15 16:00:00,4133.47675014,9598.49,9912.89,9909.71
9973.45,2020-02-16 16:00:00,5913.20492551,9467.57,9697.15,9925.96
10288.0,2020-02-17 16:00:00,6754.35394103,9602.6,10185.17,9725.57
10300.0,2020-02-18 16:00:00,9936.8206814,9312.0,9595.72,10190.3
9706.27,2020-02-19 16:00:00,6608.491079199999,9396.91,9612.76,9589.1
9773.2,2020-02-20 16:00:00,4271.47074293,9562.6,9696.13,9610.4
9722.39,2020-02-21 16:00:00,2096.56353593,9568.51,9668.13,9696.13
10024.08,2020-02-22 16:00:00,3329.22433648,9664.08,9965.21,9664.08
10027.66,2020-02-23 16:00:00,5877.00770771,9480.0,9652.58,9969.79
9682.73,2020-02-24 16:00:00,6280.00295543,9234.21,9305.4,9664.87
9369.99,2020-02-25 16:00:00,11564.19794381,8627.78,8779.36,9305.4
8974.75,2020-02-26 16:00:00,9273.9036636,8520.0,8816.5,8778.37
8900.94,2020-02-27 16:00:00,6546.98122765,8421.49,8703.84,8816.5
8805.06,2020-02-28 16:00:00,2338.06785643,8525.0,8527.74,8710.0
8756.11,2020-02-29 16:00:00,4156.57173933,8410.0,8528.95,8525.0
8980.34,2020-03-01 16:00:00,6186.86088929,8486.72,8917.34,8516.0
8921.8,2020-03-02 16:00:00,4629.97228611,8660.04,8755.45,8917.34
8850.0,2020-03-03 16:00:00,3353.2325223000003,8663.76,8753.28,8755.45
9169.0,2020-03-04 16:00:00,6448.68567336,8757.79,9066.65,8757.79
9187.85,2020-03-05 16:00:00,4136.42339429,8990.01,9153.79,9059.0
9219.13,2020-03-06 16:00:00,2805.5915714000002,8859.49,8893.93,9154.1
8901.12,2020-03-07 16:00:00,9068.89040196,7995.48,8033.7,8901.12
8191.13,2020-03-08 17:00:00,12177.39425093,7636.0,7936.25,8035.79
8158.42,2020-03-09 17:00:00,8274.9537573,7733.99,7885.92,7937.2
7988.78,2020-03-10 17:00:00,7289.61145281,7591.99,7934.57,7893.63
7969.9,2020-03-11 17:00:00,58513.38918903,4776.59,4841.67,7956.29
5990.35,2020-03-12 17:00:00,54419.64133553,3850.0,5622.74,4841.67
5663.01,2020-03-13 17:00:00,15370.868149599999,5051.0,5169.37,5623.16
5965.77,2020-03-14 17:00:00,16589.30386378,5092.34,5343.64,5167.38
5353.04,2020-03-15 17:00:00,34905.46359769,4435.89,5033.42,5353.04
5569.9,2020-03-16 17:00:00,17517.84242049,4936.0,5324.99,5051.41
5452.43,2020-03-17 17:00:00,22559.23112903,5006.87,5406.92,5340.95
6433.98,2020-03-18 17:00:00,24783.73487365,5266.38,6181.18,5413.0
7139.0,2020-03-19 17:00:00,30082.50248252,5670.0,6210.14,6192.94
6461.91,2020-03-20 17:00:00,11796.72656887,5866.44,6187.78,6207.66
6419.0,2020-03-21 17:00:00,10813.38456907,5705.0,5813.15,6199.17
6629.79,2020-03-22 17:00:00,19053.80456405,5686.34,6493.51,5816.57
6893.0,2020-03-23 17:00:00,19719.09402414,6400.01,6768.64,6494.7
6989.04,2020-03-24 17:00:00,16675.73512097,6457.17,6692.22,6768.64
6798.89,2020-03-25 17:00:00,7393.70723365,6528.07,6760.72,6695.47
6872.67,2020-03-26 17:00:00,10816.28556504,6210.0,6376.03,6765.15
6376.03,2020-03-27 17:00:00,11613.49398164,6030.51,6253.08,6376.03
6278.24,2020-03-28 17:00:00,9298.9390511,5869.0,5870.9,6275.11
6630.0,2020-03-29 17:00:00,14974.444163,5856.0,6407.77,5878.47
6527.24,2020-03-30 17:00:00,6342.29832651,6337.42,6421.14,6408.95
6710.21,2020-03-31 17:00:00,11319.14793815,6137.71,6652.07,6428.74
7236.39,2020-04-01 17:00:00,17212.82067331,6575.13,6801.99,6669.95
7047.96,2020-04-02 17:00:00,10570.10640235,6610.0,6742.57,6789.63
7014.0,2020-04-03 17:00:00,6018.51563233,6655.54,6879.61,6737.36
6914.01,2020-04-04 17:00:00,3981.97692417,6678.51,6775.2,6887.22
7376.59,2020-04-05 17:00:00,13683.03789416,6773.75,7352.43,6780.57
7469.0,2020-04-06 17:00:00,11669.01426524,7077.0,7202.73,7335.85
7428.95,2020-04-07 17:00:00,8720.21050049,7152.0,7367.36,7204.78
7376.59,2020-04-08 17:00:00,8324.9217727,7107.38,7293.93,7370.85
7306.1,2020-04-09 17:00:00,10727.86685616,6750.15,6877.03,7299.12
6955.59,2020-04-10 17:00:00,3326.67476213,6771.24,6883.18,6866.03
7201.76,2020-04-11 17:00:00,7264.51928043,6790.74,6908.24,6882.75
6914.01,2020-04-12 17:00:00,10837.57453223,6542.91,6864.22,6908.21
6991.0,2020-04-13 17:00:00,7275.68657382,6766.96,6879.75,6864.66
6940.0,2020-04-14 17:00:00,8109.73234254,6598.55,6619.0,6868.88
7224.18,2020-04-15 17:00:00,15726.69637377,6472.67,7111.67,6619.0
7158.22,2020-04-16 17:00:00,8539.61835086,6995.39,7024.19,7121.35
7306.15,2020-04-17 17:00:00,5102.50261952,7020.13,7262.26,7020.13
7276.21,2020-04-18 17:00:00,4662.19209244,7057.46,7126.4,7265.94
7220.0,2020-04-19 17:00:00,11365.00931766,6757.75,6841.0,7124.27
6950.98,2020-04-20 17:00:00,5570.95619043,6774.48,6854.98,6833.0
7171.26,2020-04-21 17:00:00,6273.40631495,6819.59,7137.79,6850.6
7756.69,2020-04-22 17:00:00,14779.54814354,7031.07,7484.58,7138.29
7612.91,2020-04-23 17:00:00,7357.10670681,7391.57,7505.53,7494.2
7723.77,2020-04-24 17:00:00,3800.82773036,7432.8,7547.56,7518.81
7718.0,2020-04-25 17:00:00,5247.54081807,7485.0,7701.73,7565.0
7813.68,2020-04-26 17:00:00,6878.02253788,7637.03,7786.41,7708.87
7798.42,2020-04-27 17:00:00,7248.955969499999,7650.0,7767.79,7794.22
8970.0,2020-04-28 17:00:00,26396.09715679,7717.14,8790.32,7762.07
9485.26,2020-04-29 17:00:00,24057.73933525,8407.0,8627.32,8789.79
9075.0,2020-04-30 17:00:00,11379.68574201,8616.17,8832.44,8629.72
9022.0,2020-05-01 17:00:00,5524.26706572,8760.0,8983.79,8836.0
9207.82,2020-05-02 17:00:00,9218.274909,8723.78,8915.98,8982.56
8974.34,2020-05-03 17:00:00,10018.97499887,8528.42,8882.87,8924.14
9120.0,2020-05-04 17:00:00,9592.13446226,8760.1,9034.85,8889.24
9417.95,2020-05-05 17:00:00,15110.94181329,8921.03,9154.32,9040.0
10074.0,2020-05-06 17:00:00,25012.90031203,9030.03,10000.0,9163.63
10048.38,2020-05-07 17:00:00,19203.48379461,9725.0,9801.35,10008.19
9914.0,2020-05-08 17:00:00,11278.63371513,9515.4,9546.56,9809.04
9565.2,2020-05-09 17:00:00,31639.42874341,8109.0,8731.17,9527.31
9182.97,2020-05-10 17:00:00,34465.18657226,8181.0,8571.98,8740.88
8984.87,2020-05-11 17:00:00,14010.2612055,8534.97,8825.46,8574.19
9418.46,2020-05-12 17:00:00,12762.85161682,8804.47,9315.5,8816.99
9945.34,2020-05-13 17:00:00,19936.18545561,9254.85,9793.5,9323.73
9844.66,2020-05-14 17:00:00,17324.14460144,9112.0,9306.21,9809.91
9590.0,2020-05-15 17:00:00,6170.09609719,9216.08,9389.07,9307.43
9894.88,2020-05-16 17:00:00,9515.79358021,9326.53,9665.7,9377.79
9966.12,2020-05-17 17:00:00,12362.32763823,9451.2,9721.91,9672.95
9903.89,2020-05-18 17:00:00,12149.68534917,9455.05,9787.65,9730.0
9843.87,2020-05-19 17:00:00,12351.42817701,9100.0,9516.51,9776.3
9573.29,2020-05-20 17:00:00,16879.82890788,8800.0,9062.47,9505.61
9272.97,2020-05-21 17:00:00,7261.28419694,8924.91,9171.96,9062.25
9316.12,2020-05-22 17:00:00,3477.27850858,9084.83,9183.46,9171.96
9310.91,2020-05-23 17:00:00,8855.47763284,8669.0,8718.77,9183.93
8984.16,2020-05-24 17:00:00,8919.92378955,8630.0,8903.56,8710.12
9012.0,2020-05-25 17:00:00,5923.00523696,8690.0,8840.91,8903.22
9230.21,2020-05-26 17:00:00,6867.67101935,8810.99,9210.0,8835.79
9625.01,2020-05-27 17:00:00,11523.40889483,9105.79,9577.38,9209.99
9610.0,2020-05-28 17:00:00,7226.77389995,9330.0,9421.04,9581.49
9758.27,2020-05-29 17:00:00,6781.84196225,9326.28,9705.1,9428.52
9711.7,2020-05-30 17:00:00,5697.99838373,9373.96,9446.19,9705.1
10429.26,2020-05-31 17:00:00,12109.14149664,9416.5,10203.64,9444.61
10241.26,2020-06-01 17:00:00,22725.11942099,9135.68,9525.73,10203.64
9699.95,2020-06-02 17:00:00,6928.76322878,9380.99,9668.99,9522.52
9888.0,2020-06-03 17:00:00,8938.7688887,9430.0,9791.92,9668.0
9856.48,2020-06-04 17:00:00,7157.37095675,9592.74,9619.99,9791.0
9744.39,2020-06-05 17:00:00,4047.26924742,9525.76,9669.85,9616.17
9829.31,2020-06-06 17:00:00,6762.65158822,9356.0,9750.04,9673.08
9813.67,2020-06-07 17:00:00,5379.07801648,9645.0,9783.0,9759.04
9897.46,2020-06-08 17:00:00,6922.79788471,9566.81,9776.84,9786.64
10011.4,2020-06-09 17:00:00,7107.20140335,9578.0,9894.32,9782.3
9981.24,2020-06-10 17:00:00,16389.44455357,9078.91,9264.26,9894.32
9555.0,2020-06-11 17:00:00,6934.13533535,9230.0,9463.07,9265.95
9500.0,2020-06-12 17:00:00,2938.68222067,9345.71,9473.46,9465.92
9479.59,2020-06-13 17:00:00,3477.25235863,9235.01,9329.99,9478.93
9505.4,2020-06-14 17:00:00,11765.1135339,8900.0,9435.15,9329.99
9596.31,2020-06-15 17:00:00,6864.21822439,9374.9,9530.3,9435.41
9566.53,2020-06-16 17:00:00,5902.36636044,9230.32,9461.29,9530.62
9478.69,2020-06-17 17:00:00,3997.01284654,9250.0,9374.78,9459.82
9429.99,2020-06-18 17:00:00,5305.907719100001,9225.15,9304.32,9374.83
9400.0,2020-06-19 17:00:00,3071.79384829,9138.0,9355.46,9287.6
9421.26,2020-06-20 17:00:00,1435.21189641,9271.52,9283.03,9355.93
9798.76,2020-06-21 17:00:00,6615.64540882,9267.2,9683.12,9287.89
9725.3,2020-06-22 17:00:00,4866.11470545,9571.0,9622.81,9688.26
9666.35,2020-06-23 17:00:00,10072.57541802,9193.99,9286.06,9617.88
9343.49,2020-06-24 17:00:00,8701.2461746,8989.0,9239.48,9286.3
9289.71,2020-06-25 17:00:00,7912.38375487,9024.61,9158.26,9237.98
9189.0,2020-06-26 17:00:00,4399.67602419,8830.63,9009.3,9158.13
9191.72,2020-06-27 17:00:00,3231.85728086,8933.06,9118.01,9008.33
9240.36,2020-06-28 17:00:00,4942.72533003,9014.92,9188.88,9118.8
9201.95,2020-06-29 17:00:00,2781.63125132,9060.0,9132.96,9187.85
9300.0,2020-06-30 17:00:00,4321.56559235,9089.8,9233.38,9136.89
9268.54,2020-07-01 17:00:00,6866.04897352,8939.0,9092.92,9230.97
9127.11,2020-07-02 17:00:00,3510.00353809,9027.17,9063.08,9091.68
9196.0,2020-07-03 17:00:00,2180.37237178,9045.94,9138.52,9053.87
9147.37,2020-07-04 17:00:00,3067.87780852,8905.0,9076.82,9142.16
9376.34,2020-07-05 17:00:00,5361.35284949,9060.5,9348.22,9077.18
9385.81,2020-07-06 17:00:00,4702.82565367,9201.78,9257.16,9346.9
9479.57,2020-07-07 17:00:00,6275.54666358,9228.91,9437.16,9257.21
9448.5,2020-07-08 17:00:00,4575.44853951,9157.11,9234.9,9441.76
9318.92,2020-07-09 17:00:00,3910.32678996,9053.14,9283.53,9234.91
9304.95,2020-07-10 17:00:00,1453.16535935,9180.0,9238.3,9291.0
9347.76,2020-07-11 17:00:00,2037.15363045,9153.48,9306.17,9234.07
9351.17,2020-07-12 17:00:00,3875.17319052,9190.49,9233.1,9304.94
9282.08,2020-07-13 17:00:00,4479.91060569,9095.0,9251.59,9234.19
9276.98,2020-07-14 17:00:00,3810.04841103,9153.38,9190.07,9256.33
9217.5,2020-07-15 17:00:00,5541.85389383,9026.51,9132.87,9191.0
9184.28,2020-07-16 17:00:00,3593.49712953,9073.53,9156.5,9134.44
9214.63,2020-07-17 17:00:00,1358.28531978,9122.72,9177.43,9150.51
9243.36,2020-07-18 17:00:00,1585.39916859,9106.3,9211.99,9175.7
9224.73,2020-07-19 17:00:00,3064.80739401,9128.21,9162.43,9213.15
9442.89,2020-07-20 17:00:00,5559.47430975,9152.23,9391.25,9161.77
9573.0,2020-07-21 17:00:00,5520.76262356,9280.8,9539.51,9395.98
9690.0,2020-07-22 17:00:00,10413.94384743,9453.38,9617.2,9537.23
9650.55,2020-07-23 17:00:00,8012.90509154,9474.35,9547.91,9614.85
9751.82,2020-07-24 17:00:00,5065.44989566,9532.79,9710.98,9549.34
10200.0,2020-07-25 17:00:00,9090.21430682,9657.0,9944.65,9712.45
11417.11,2020-07-26 17:00:00,27736.83221358,9933.77,11046.19,9941.25
11263.85,2020-07-27 17:00:00,17062.37380128,10583.48,10939.27,11049.4
11358.47,2020-07-28 17:00:00,12452.86303565,10855.81,11111.17,10931.91
11189.0,2020-07-29 17:00:00,10456.84804792,10832.0,11112.12,11105.01
11457.95,2020-07-30 17:00:00,10417.50746157,10973.8,11356.74,11110.84
11883.36,2020-07-31 17:00:00,11195.80752332,11228.0,11817.49,11357.98
12100.0,2020-08-01 17:00:00,12656.41102944,10559.59,11071.66,11808.21
11480.0,2020-08-02 17:00:00,6984.67078032,10933.26,11236.39,11074.92
11420.0,2020-08-03 17:00:00,5522.11051757,11000.79,11192.42,11236.39
11795.86,2020-08-04 17:00:00,7514.79142531,11094.35,11755.24,11193.48
11913.5,2020-08-05 17:00:00,9855.99436305,11575.57,11770.08,11759.9
11920.0,2020-08-06 17:00:00,10503.36174678,11219.0,11600.85,11770.26
11817.95,2020-08-07 17:00:00,3983.74888665,11527.0,11776.9,11601.75
11808.28,2020-08-08 17:00:00,2649.48917649,11527.92,11683.03,11767.93
12080.0,2020-08-09 17:00:00,7701.72806914,11510.0,11895.12,11684.6
11945.05,2020-08-10 17:00:00,10470.68807136,11130.0,11392.64,11896.37
11625.0,2020-08-11 17:00:00,5668.60180464,11150.0,11565.35,11386.5
11806.61,2020-08-12 17:00:00,6839.55121466,11270.91,11793.26,11567.74
11862.0,2020-08-13 17:00:00,5526.79649808,11652.01,11779.77,11797.55
11986.93,2020-08-14 17:00:00,3983.17592982,11667.7,11852.2,11771.97
11938.55,2020-08-15 17:00:00,2494.17000289,11685.97,11914.02,11858.6
12473.0,2020-08-16 17:00:00,9778.32856833,11771.44,12298.38,11916.83
12408.53,2020-08-17 17:00:00,8818.18784117,11823.0,11958.1,12301.27
12022.18,2020-08-18 17:00:00,9401.50118445,11574.4,11757.55,11950.0
11894.12,2020-08-19 17:00:00,4191.75792092,11675.29,11859.37,11762.18
11887.67,2020-08-20 17:00:00,6391.17972721,11485.49,11531.74,11857.18
11694.02,2020-08-21 17:00:00,3401.42192253,11367.0,11667.7,11527.81
11715.09,2020-08-22 17:00:00,1632.87091819,11524.7,11644.65,11678.17
11832.55,2020-08-23 17:00:00,2887.05808264,11588.61,11761.8,11653.7
11772.22,2020-08-24 17:00:00,7073.69374623,11112.75,11328.88,11750.4
11549.8,2020-08-25 17:00:00,4273.08016903,11250.14,11469.3,11328.5
11602.92,2020-08-26 17:00:00,7796.15569663,11122.72,11330.0,11462.91
11555.61,2020-08-27 17:00:00,6046.49746388,11277.95,11536.58,11332.26
11592.0,2020-08-28 17:00:00,2095.93600275,11423.64,11471.71,11538.74
11715.69,2020-08-29 17:00:00,2328.65701886,11458.62,11708.97,11471.71
11780.0,2020-08-30 17:00:00,4534.21810201,11573.39,11655.0,11713.11
12065.82,2020-08-31 17:00:00,7960.82238043,11515.0,11923.96,11658.48
11956.45,2020-09-01 17:00:00,13056.07287751,11155.32,11398.44,11919.53
11477.35,2020-09-02 17:00:00,18554.73121203,9987.86,10160.0,11395.1
10646.75,2020-09-03 17:00:00,17415.36005733,9902.43,10456.32,10160.0
10567.9,2020-09-04 17:00:00,12165.47308504,9850.0,10167.19,10460.2
10353.39,2020-09-05 17:00:00,5121.25180431,10000.0,10260.17,10165.47
10415.66,2020-09-06 17:00:00,8725.09203962,9880.0,10377.14,10258.43
10446.18,2020-09-07 17:00:00,10560.87470567,9825.07,10123.96,10377.5
10353.39,2020-09-08 17:00:00,5872.2195124,9981.38,10232.8,10126.01
10495.75,2020-09-09 17:00:00,10223.19117775,10220.0,10342.59,10221.76
10409.44,2020-09-10 17:00:00,5245.74244486,10200.5,10393.04,10341.38
10482.42,2020-09-11 17:00:00,2509.23983418,10275.0,10443.33,10400.46
10576.78,2020-09-12 17:00:00,4325.10556518,10214.9,10334.78,10446.4
10765.03,2020-09-13 17:00:00,7325.23245633,10250.13,10675.15,10338.82
10940.01,2020-09-14 17:00:00,6456.66295267,10611.17,10783.83,10671.4
11100.0,2020-09-15 17:00:00,8300.23983202,10662.81,10951.54,10785.0
11054.0,2020-09-16 17:00:00,5525.71740992,10739.23,10940.47,10950.15
11040.18,2020-09-17 17:00:00,4398.92439287,10816.54,10931.2,10947.35
11183.01,2020-09-18 17:00:00,2253.35153789,10890.53,11077.22,10935.49
11079.25,2020-09-19 17:00:00,3250.01749577,10755.9,10923.5,11070.84
10996.98,2020-09-20 17:00:00,9948.02125053,10286.56,10411.29,10921.53
10573.05,2020-09-21 17:00:00,4800.59855196,10353.39,10534.31,10418.83
10541.39,2020-09-22 17:00:00,5711.36066207,10138.3,10233.42,10525.72
10795.53,2020-09-23 17:00:00,6703.91881646,10193.2,10744.02,10236.86
10762.65,2020-09-24 17:00:00,6346.72379355,10553.14,10689.81,10738.46
10830.0,2020-09-25 17:00:00,2550.31630347,10655.29,10729.09,10694.23
10807.14,2020-09-26 17:00:00,2286.86162473,10593.58,10780.66,10731.09
10950.0,2020-09-27 17:00:00,4991.57062725,10628.52,10689.48,10779.99
10865.0,2020-09-28 17:00:00,4029.39173043,10636.66,10836.42,10681.41
10847.5,2020-09-29 17:00:00,4304.622694899999,10658.56,10778.22,10840.0
10940.22,2020-09-30 17:00:00,8678.34728292,10437.08,10622.71,10780.83
10667.53,2020-10-01 17:00:00,8333.45852437,10380.0,10578.54,10611.17
10605.79,2020-10-02 17:00:00,1134.79775814,10500.0,10553.66,10571.6
10699.88,2020-10-03 17:00:00,1057.77530355,10524.81,10669.63,10543.17
10805.82,2020-10-04 17:00:00,3618.01529204,10620.71,10795.0,10666.16
10801.86,2020-10-05 17:00:00,4800.69513633,10525.0,10606.33,10797.36
10682.56,2020-10-06 17:00:00,5560.24913562,10547.71,10669.14,10602.31
10957.0,2020-10-07 17:00:00,6969.04085121,10535.06,10925.2,10669.1
11118.49,2020-10-08 17:00:00,5355.33959365,10826.4,11052.0,10927.02
11496.06,2020-10-09 17:00:00,3270.37027031,11059.62,11301.2,11060.46
11447.44,2020-10-10 17:00:00,2177.65085818,11272.11,11372.93,11300.97
11731.7,2020-10-11 17:00:00,7088.22778528,11175.99,11535.98,11372.48
11567.4,2020-10-12 17:00:00,5097.96082433,11314.53,11427.98,11539.42
11555.1,2020-10-13 17:00:00,3788.25075923,11287.42,11428.84,11440.28
11623.6,2020-10-14 17:00:00,4864.42955616,11250.01,11511.11,11430.49
11548.65,2020-10-15 17:00:00,4309.22448566,11200.0,11321.86,11506.53
11415.48,2020-10-16 17:00:00,1124.42019876,11264.01,11365.8,11331.88
11526.34,2020-10-17 17:00:00,1047.16869132,11352.79,11519.97,11363.4
11840.0,2020-10-18 17:00:00,5459.93398846,11409.94,11764.14,11518.58
12059.94,2020-10-19 17:00:00,5859.83732437,11680.0,11921.11,11759.2
13235.0,2020-10-20 17:00:00,20093.61486293,11899.1,12802.67,11921.33
13208.25,2020-10-21 17:00:00,9277.56218571,12686.73,12983.26,12802.63
13037.26,2020-10-22 17:00:00,4996.39791976,12729.82,12941.59,12983.26
13182.83,2020-10-23 17:00:00,2820.82333324,12887.38,13122.73,12940.03
13363.53,2020-10-24 17:00:00,3658.60280875,12903.74,13039.09,13115.18
13250.0,2020-10-25 17:00:00,5725.19571956,12773.5,13066.73,13041.12
13788.0,2020-10-26 17:00:00,11242.75450774,13057.09,13647.9,13065.1
13864.89,2020-10-27 17:00:00,10670.86461819,12892.0,13274.73,13642.31
13650.0,2020-10-28 17:00:00,8894.95694501,12993.0,13468.44,13275.82
13675.56,2020-10-29 17:00:00,8981.11986042,13129.26,13562.13,13456.14
14100.0,2020-10-30 17:00:00,6337.39292768,13420.97,13816.08,13569.42
13907.47,2020-10-31 17:00:00,2534.08581497,13629.31,13762.0,13799.44
13842.5,2020-11-01 16:00:00,7065.41110933,13220.0,13563.72,13762.0
14083.76,2020-11-02 16:00:00,7225.86635614,13287.7,14041.58,13578.82
14277.5,2020-11-03 16:00:00,10926.32680544,13520.87,14160.59,14041.58
15770.58,2020-11-04 16:00:00,18422.63186045,14100.0,15605.04,14168.49
15968.98,2020-11-05 16:00:00,13479.46706771,15196.01,15598.09,15608.32
15778.6,2020-11-06 16:00:00,10933.92419186,14351.0,14838.97,15603.28
15664.9,2020-11-07 16:00:00,5046.49916395,14727.19,15489.15,14829.32
15854.48,2020-11-08 16:00:00,14466.07953692,14824.66,15332.04,15484.68
15482.76,2020-11-09 16:00:00,8966.48171393,15092.47,15313.65,15349.32
15991.01,2020-11-10 16:00:00,10013.26427187,15290.85,15707.89,15314.94
16369.99,2020-11-11 16:00:00,16261.47118864,15481.0,16300.0,15702.0
16494.52,2020-11-12 16:00:00,7843.22421583,15970.33,16335.58,16300.0
16341.89,2020-11-13 16:00:00,5046.32670498,15715.1,16086.34,16339.06
16170.0,2020-11-14 16:00:00,3225.70533016,15786.46,15975.49,16092.8
16894.93,2020-11-15 16:00:00,7511.71484029,15875.5,16724.62,15975.49
17868.0,2020-11-16 16:00:00,9824.73852957,16570.0,17680.63,16727.85
18483.0,2020-11-17 16:00:00,15717.92072069,17041.47,17785.95,17681.77
18189.97,2020-11-18 16:00:00,10506.69646215,17346.62,17825.47,17792.96
18824.88,2020-11-19 16:00:00,10020.01351326,17755.81,18687.65,17822.37
18977.0,2020-11-20 16:00:00,5937.50536305,18333.45,18725.0,18685.08
18770.55,2020-11-21 16:00:00,6417.21771734,17600.0,18435.2,18726.43
18786.31,2020-11-22 16:00:00,9412.08722183,18001.95,18383.35,18432.6
19442.13,2020-11-23 16:00:00,13262.83116668,18068.56,19160.85,18386.92
19490.0,2020-11-24 16:00:00,8962.62225501,18470.91,18732.43,19175.13
18911.04,2020-11-25 16:00:00,21424.98655676,16218.0,17160.09,18727.24
17471.89,2020-11-26 16:00:00,8964.83242941,16435.47,17154.39,17168.31
17896.03,2020-11-27 16:00:00,4471.52202455,16875.01,17741.79,17160.38
18352.47,2020-11-28 16:00:00,3736.1591794,17534.87,18192.03,17724.41
19864.15,2020-11-29 16:00:00,10612.67092499,18196.75,19700.19,18196.75
19918.01,2020-11-30 16:00:00,11799.58943351,18100.0,18771.43,19703.53
19346.9,2020-12-01 16:00:00,6749.36401948,18334.0,19226.55,18773.21
19621.0,2020-12-02 16:00:00,6196.52507218,18881.62,19448.4,19220.09
19552.5,2020-12-03 16:00:00,6261.69674357,18573.89,18673.76,19439.94
19185.17,2020-12-04 16:00:00,2376.72322359,18500.0,19162.16,18650.08
19418.39,2020-12-05 16:00:00,2503.4542629000002,18870.62,19380.58,19162.17
19431.0,2020-12-06 16:00:00,4323.27044132,18905.0,19173.5,19385.13
19300.55,2020-12-07 16:00:00,5979.96623279,18163.52,18316.43,19183.13
18654.92,2020-12-08 16:00:00,8906.94524733,17640.33,18556.64,18311.31
18562.13,2020-12-09 16:00:00,6784.45549144,17908.0,18250.3,18546.38
18290.43,2020-12-10 16:00:00,6687.92267389,17569.58,18040.02,18250.3
18956.46,2020-12-11 16:00:00,3515.32704607,18022.55,18815.63,18031.23
19416.64,2020-12-12 16:00:00,4251.96121032,18628.1,19162.36,18806.83
19346.9,2020-12-13 16:00:00,3618.37690457,18979.21,19274.33,19151.82
19567.84,2020-12-14 16:00:00,6750.77219425,19050.0,19434.87,19274.33
21576.76,2020-12-15 16:00:00,14974.62184371,19277.66,21365.7,19434.55
23777.0,2020-12-16 16:00:00,22626.69253048,21244.04,22814.24,21358.96
23284.68,2020-12-17 16:00:00,11360.33890442,22360.93,23136.14,22829.89
24217.38,2020-12-18 16:00:00,8672.0376961,22719.78,23842.99,23142.05
24298.04,2020-12-19 16:00:00,5095.96264009,23092.77,23470.85,23842.38
24123.83,2020-12-20 16:00:00,12675.12801873,21864.86,22732.01,23470.85
23843.21,2020-12-21 16:00:00,9367.60948339,22383.59,23835.1,22750.07
24096.9,2020-12-22 16:00:00,11541.96937133,22624.92,23247.71,23819.08
23478.68,2020-12-23 16:00:00,2902.45827152,22700.1,23206.44,23215.0
