tweet_day,tone,tone_count
2018-01-01,Neutral,25444
2018-01-01,Positive,15286
2018-01-01,Negative,4789
2018-01-02,Neutral,34626
2018-01-02,Positive,20906
2018-01-02,Negative,6175
2018-01-03,Neutral,34196
2018-01-03,Positive,20536
2018-01-03,Negative,5801
2018-01-04,Neutral,32204
2018-01-04,Positive,19225
2018-01-04,Negative,6375
2018-01-05,Neutral,31215
2018-01-05,Positive,16810
2018-01-05,Negative,5717
2018-01-06,Neutral,23437
2018-01-06,Positive,14491
2018-01-06,Negative,3974
2018-01-07,Neutral,25170
2018-01-07,Positive,15460
2018-01-07,Negative,4637
2018-01-08,Neutral,33210
2018-01-08,Positive,19998
2018-01-08,Negative,6019
2018-01-09,Neutral,33788
2018-01-09,Positive,20971
2018-01-09,Negative,7863
2018-01-10,Neutral,40001
2018-01-10,Positive,20902
2018-01-10,Negative,8515
2018-01-11,Neutral,39198
2018-01-11,Positive,20644
2018-01-11,Negative,7683
2018-01-12,Neutral,33376
2018-01-12,Positive,19008
2018-01-12,Negative,6743
2018-01-13,Neutral,24873
2018-01-13,Positive,15903
2018-01-13,Negative,4498
2018-01-14,Neutral,25239
2018-01-14,Positive,15182
2018-01-14,Negative,5191
2018-01-15,Neutral,33765
2018-01-15,Positive,17886
2018-01-15,Negative,5331
2018-01-16,Neutral,49228
2018-01-16,Positive,25810
2018-01-16,Negative,9459
2018-01-17,Neutral,52937
2018-01-17,Positive,27451
2018-01-17,Negative,10496
2018-01-18,Neutral,37061
2018-01-18,Positive,22306
2018-01-18,Negative,6687
2018-01-19,Neutral,33347
2018-01-19,Positive,18878
2018-01-19,Negative,6370
2018-01-20,Neutral,25946
2018-01-20,Positive,14317
2018-01-20,Negative,4533
2018-01-21,Neutral,28663
2018-01-21,Positive,14733
2018-01-21,Negative,5028
2018-01-22,Neutral,35700
2018-01-22,Positive,20198
2018-01-22,Negative,6213
2018-01-23,Neutral,39615
2018-01-23,Positive,21284
2018-01-23,Negative,6256
2018-01-24,Neutral,37243
2018-01-24,Positive,21638
2018-01-24,Negative,5906
2018-01-25,Neutral,35277
2018-01-25,Positive,21754
2018-01-25,Negative,6254
2018-01-26,Neutral,32645
2018-01-26,Positive,18547
2018-01-26,Negative,5830
2018-01-27,Neutral,25914
2018-01-27,Positive,14501
2018-01-27,Negative,3929
2018-01-28,Neutral,26099
2018-01-28,Positive,15660
2018-01-28,Negative,4533
2018-01-29,Neutral,31384
2018-01-29,Positive,18317
2018-01-29,Negative,5728
2018-01-30,Neutral,36850
2018-01-30,Positive,18955
2018-01-30,Negative,7453
2018-01-31,Neutral,37873
2018-01-31,Positive,19281
2018-01-31,Negative,6088
2018-02-01,Neutral,42040
2018-02-01,Positive,20965
2018-02-01,Negative,8379
2018-02-02,Neutral,41490
2018-02-02,Positive,21917
2018-02-02,Negative,9428
2018-02-03,Neutral,26723
2018-02-03,Positive,15729
2018-02-03,Negative,5378
2018-02-04,Neutral,28301
2018-02-04,Positive,16427
2018-02-04,Negative,5363
2018-02-05,Neutral,46321
2018-02-05,Positive,26243
2018-02-05,Negative,10599
2018-02-06,Neutral,45345
2018-02-06,Positive,23348
2018-02-06,Negative,8968
2018-02-07,Neutral,36324
2018-02-07,Positive,20178
2018-02-07,Negative,5894
2018-02-08,Neutral,34075
2018-02-08,Positive,19176
2018-02-08,Negative,5957
2018-02-09,Neutral,31907
2018-02-09,Positive,17847
2018-02-09,Negative,5649
2018-02-10,Neutral,25950
2018-02-10,Positive,14250
2018-02-10,Negative,4360
2018-02-11,Neutral,26248
2018-02-11,Positive,14273
2018-02-11,Negative,4135
2018-02-12,Neutral,31587
2018-02-12,Positive,17722
2018-02-12,Negative,5651
2018-02-13,Neutral,30791
2018-02-13,Positive,17723
2018-02-13,Negative,5742
2018-02-14,Neutral,29409
2018-02-14,Positive,17305
2018-02-14,Negative,4568
2018-02-15,Neutral,32722
2018-02-15,Positive,18934
2018-02-15,Negative,5231
2018-02-16,Neutral,27796
2018-02-16,Positive,17715
2018-02-16,Negative,4746
2018-02-17,Neutral,23465
2018-02-17,Positive,14091
2018-02-17,Negative,4176
2018-02-18,Neutral,23526
2018-02-18,Positive,13803
2018-02-18,Negative,3759
2018-02-19,Neutral,28628
2018-02-19,Positive,17537
2018-02-19,Negative,4818
2018-02-20,Neutral,28933
2018-02-20,Positive,17911
2018-02-20,Negative,5982
2018-02-21,Neutral,28380
2018-02-21,Positive,16453
2018-02-21,Negative,5084
2018-02-22,Neutral,28043
2018-02-22,Positive,16657
2018-02-22,Negative,4845
2018-02-23,Neutral,24806
2018-02-23,Positive,14861
2018-02-23,Negative,4828
2018-02-24,Neutral,21750
2018-02-24,Positive,12596
2018-02-24,Negative,3471
2018-02-25,Neutral,22813
2018-02-25,Positive,12789
2018-02-25,Negative,3539
2018-02-26,Neutral,28088
2018-02-26,Positive,16463
2018-02-26,Negative,4800
2018-02-27,Neutral,29854
2018-02-27,Positive,16983
2018-02-27,Negative,4699
2018-02-28,Neutral,27525
2018-02-28,Positive,15425
2018-02-28,Negative,4719
2018-03-01,Neutral,25379
2018-03-01,Positive,14262
2018-03-01,Negative,4875
2018-03-02,Neutral,25106
2018-03-02,Positive,15257
2018-03-02,Negative,4250
2018-03-03,Neutral,21079
2018-03-03,Positive,12511
2018-03-03,Negative,3247
2018-03-04,Neutral,20511
2018-03-04,Positive,13004
2018-03-04,Negative,3965
2018-03-05,Neutral,26753
2018-03-05,Positive,15431
2018-03-05,Negative,4393
2018-03-06,Neutral,28330
2018-03-06,Positive,15976
2018-03-06,Negative,4777
2018-03-07,Neutral,28795
2018-03-07,Positive,16475
2018-03-07,Negative,6005
2018-03-08,Neutral,28334
2018-03-08,Positive,15556
2018-03-08,Negative,5387
2018-03-09,Neutral,27335
2018-03-09,Positive,13865
2018-03-09,Negative,4949
2018-03-10,Neutral,20533
2018-03-10,Positive,11476
2018-03-10,Negative,3436
2018-03-11,Neutral,20609
2018-03-11,Positive,12046
2018-03-11,Negative,3489
2018-03-12,Neutral,29087
2018-03-12,Positive,14815
2018-03-12,Negative,4712
2018-03-13,Neutral,28124
2018-03-13,Positive,14774
2018-03-13,Negative,4068
2018-03-14,Neutral,31404
2018-03-14,Positive,15732
2018-03-14,Negative,6017
2018-03-15,Neutral,28820
2018-03-15,Positive,16028
2018-03-15,Negative,4742
2018-03-16,Neutral,26683
2018-03-16,Positive,15322
2018-03-16,Negative,5114
2018-03-17,Neutral,22223
2018-03-17,Positive,12609
2018-03-17,Negative,4109
2018-03-18,Neutral,23793
2018-03-18,Positive,12323
2018-03-18,Negative,4741
2018-03-19,Neutral,27298
2018-03-19,Positive,14889
2018-03-19,Negative,4313
2018-03-20,Neutral,27009
2018-03-20,Positive,14525
2018-03-20,Negative,5019
2018-03-21,Neutral,26917
2018-03-21,Positive,14856
2018-03-21,Negative,5965
2018-03-22,Neutral,26072
2018-03-22,Positive,13292
2018-03-22,Negative,5073
2018-03-23,Neutral,23075
2018-03-23,Positive,12044
2018-03-23,Negative,3888
2018-03-24,Neutral,19934
2018-03-24,Positive,10357
2018-03-24,Negative,2867
2018-03-25,Neutral,19670
2018-03-25,Positive,10330
2018-03-25,Negative,2889
2018-03-26,Neutral,25184
2018-03-26,Positive,12970
2018-03-26,Negative,4185
2018-03-27,Neutral,23867
2018-03-27,Positive,12843
2018-03-27,Negative,3785
2018-03-28,Neutral,24886
2018-03-28,Positive,12689
2018-03-28,Negative,3788
2018-03-29,Neutral,26314
2018-03-29,Positive,13581
2018-03-29,Negative,4878
2018-03-30,Neutral,24308
2018-03-30,Positive,11927
2018-03-30,Negative,4020
2018-04-01,Neutral,16553
2018-04-01,Positive,7910
2018-04-01,Negative,2622
2018-04-02,Neutral,23667
2018-04-02,Positive,12382
2018-04-02,Negative,4499
2018-04-03,Neutral,23176
2018-04-03,Positive,12498
2018-04-03,Negative,4452
2018-04-04,Neutral,23602
2018-04-04,Positive,12263
2018-04-04,Negative,4496
2018-04-05,Neutral,24609
2018-04-05,Positive,12963
2018-04-05,Negative,4287
2018-04-06,Neutral,22901
2018-04-06,Positive,11601
2018-04-06,Negative,4639
2018-04-07,Neutral,19103
2018-04-07,Positive,10023
2018-04-07,Negative,3183
2018-04-08,Neutral,22168
2018-04-08,Positive,12497
2018-04-08,Negative,3694
2018-04-09,Neutral,24995
2018-04-09,Positive,13109
2018-04-09,Negative,4849
2018-04-10,Neutral,24585
2018-04-10,Positive,12561
2018-04-10,Negative,4399
2018-04-11,Neutral,24195
2018-04-11,Positive,12564
2018-04-11,Negative,4108
2018-04-12,Neutral,27489
2018-04-12,Positive,15237
2018-04-12,Negative,5214
2018-04-13,Neutral,24587
2018-04-13,Positive,13565
2018-04-13,Negative,4349
2018-04-14,Neutral,20206
2018-04-14,Positive,10261
2018-04-14,Negative,2930
2018-04-15,Neutral,21200
2018-04-15,Positive,11117
2018-04-15,Negative,2979
2018-04-16,Neutral,24910
2018-04-16,Positive,12636
2018-04-16,Negative,3647
2018-04-17,Neutral,25164
2018-04-17,Positive,13339
2018-04-17,Negative,4186
2018-04-18,Neutral,26732
2018-04-18,Positive,13021
2018-04-18,Negative,4017
2018-04-19,Neutral,24908
2018-04-19,Positive,13324
2018-04-19,Negative,4338
2018-04-20,Neutral,23230
2018-04-20,Positive,12430
2018-04-20,Negative,3594
2018-04-21,Neutral,20767
2018-04-21,Positive,11022
2018-04-21,Negative,2928
2018-04-22,Neutral,21712
2018-04-22,Positive,11533
2018-04-22,Negative,3172
2018-04-23,Neutral,27137
2018-04-23,Positive,13926
2018-04-23,Negative,4420
2018-04-24,Neutral,26548
2018-04-24,Positive,14388
2018-04-24,Negative,4918
2018-04-25,Neutral,24782
2018-04-25,Positive,13475
2018-04-25,Negative,4025
2018-04-26,Neutral,22747
2018-04-26,Positive,11899
2018-04-26,Negative,3411
2018-04-27,Neutral,19678
2018-04-27,Positive,10275
2018-04-27,Negative,3481
2018-04-28,Neutral,17569
2018-04-28,Positive,8410
2018-04-28,Negative,2961
2018-04-29,Neutral,16876
2018-04-29,Positive,8395
2018-04-29,Negative,3038
2018-04-30,Neutral,20216
2018-04-30,Positive,10240
2018-04-30,Negative,3090
2018-05-01,Neutral,20019
2018-05-01,Positive,10758
2018-05-01,Negative,3134
2018-05-02,Neutral,22286
2018-05-02,Positive,12371
2018-05-02,Negative,3200
2018-05-03,Neutral,23009
2018-05-03,Positive,11329
2018-05-03,Negative,3345
2018-05-04,Neutral,21787
2018-05-04,Positive,11493
2018-05-04,Negative,3210
2018-05-05,Neutral,19316
2018-05-05,Positive,9830
2018-05-05,Negative,3145
2018-05-06,Neutral,18585
2018-05-06,Positive,9034
2018-05-06,Negative,3545
2018-05-07,Neutral,23656
2018-05-07,Positive,13075
2018-05-07,Negative,4834
2018-05-08,Neutral,23470
2018-05-08,Positive,12350
2018-05-08,Negative,3460
2018-05-09,Neutral,21405
2018-05-09,Positive,11932
2018-05-09,Negative,3692
2018-05-10,Neutral,21702
2018-05-10,Positive,11401
2018-05-10,Negative,3277
2018-05-11,Neutral,22429
2018-05-11,Positive,11627
2018-05-11,Negative,4027
2018-05-12,Neutral,17730
2018-05-12,Positive,9312
2018-05-12,Negative,3064
2018-05-13,Neutral,18118
2018-05-13,Positive,9988
2018-05-13,Negative,2786
2018-05-14,Neutral,22643
2018-05-14,Positive,11862
2018-05-14,Negative,3707
2018-05-15,Neutral,22831
2018-05-15,Positive,11708
2018-05-15,Negative,3832
2018-05-16,Neutral,22324
2018-05-16,Positive,11813
2018-05-16,Negative,3247
2018-05-17,Neutral,22638
2018-05-17,Positive,12052
2018-05-17,Negative,4306
2018-05-18,Neutral,20113
2018-05-18,Positive,11654
2018-05-18,Negative,3630
2018-05-19,Neutral,16193
2018-05-19,Positive,8188
2018-05-19,Negative,2986
2018-05-20,Neutral,17165
2018-05-20,Positive,8297
2018-05-20,Negative,3007
2018-05-21,Neutral,19635
2018-05-21,Positive,10798
2018-05-21,Negative,3377
2018-05-22,Neutral,22691
2018-05-22,Positive,12607
2018-05-22,Negative,3378
2018-05-23,Neutral,23015
2018-05-23,Positive,12125
2018-05-23,Negative,3582
2018-05-24,Neutral,22931
2018-05-24,Positive,11330
2018-05-24,Negative,4947
2018-05-25,Neutral,19641
2018-05-25,Positive,10487
2018-05-25,Negative,3467
2018-05-26,Neutral,15934
2018-05-26,Positive,8794
2018-05-26,Negative,3350
2018-05-27,Neutral,17227
2018-05-27,Positive,8607
2018-05-27,Negative,2929
2018-05-28,Neutral,19979
2018-05-28,Positive,9784
2018-05-28,Negative,3013
2018-05-29,Neutral,18996
2018-05-29,Positive,10602
2018-05-29,Negative,3431
2018-05-30,Neutral,18424
2018-05-30,Positive,10697
2018-05-30,Negative,3066
2018-05-31,Neutral,19671
2018-05-31,Positive,10623
2018-05-31,Negative,2499
2018-06-01,Neutral,19841
2018-06-01,Positive,10216
2018-06-01,Negative,2753
2018-06-02,Neutral,15843
2018-06-02,Positive,8745
2018-06-02,Negative,2305
2018-06-03,Neutral,16436
2018-06-03,Positive,9111
2018-06-03,Negative,2308
2018-06-04,Neutral,19318
2018-06-04,Positive,10530
2018-06-04,Negative,3229
2018-06-05,Neutral,19777
2018-06-05,Positive,10621
2018-06-05,Negative,3887
2018-06-06,Neutral,19601
2018-06-06,Positive,11382
2018-06-06,Negative,4013
2018-06-07,Neutral,18938
2018-06-07,Positive,10824
2018-06-07,Negative,3038
2018-06-08,Neutral,18074
2018-06-08,Positive,9625
2018-06-08,Negative,2641
2018-06-09,Neutral,15911
2018-06-09,Positive,8060
2018-06-09,Negative,2466
2018-06-10,Neutral,18555
2018-06-10,Positive,9983
2018-06-10,Negative,3112
2018-06-11,Neutral,23026
2018-06-11,Positive,10827
2018-06-11,Negative,4431
2018-06-12,Neutral,19886
2018-06-12,Positive,9869
2018-06-12,Negative,3451
2018-06-13,Neutral,21941
2018-06-13,Positive,11893
2018-06-13,Negative,5221
2018-06-14,Neutral,19301
2018-06-14,Positive,10931
2018-06-14,Negative,4628
2018-06-15,Neutral,18008
2018-06-15,Positive,9056
2018-06-15,Negative,3147
2018-06-16,Neutral,14144
2018-06-16,Positive,6924
2018-06-16,Negative,2281
2018-06-17,Neutral,14588
2018-06-17,Positive,7770
2018-06-17,Negative,2183
2018-06-18,Neutral,18761
2018-06-18,Positive,9845
2018-06-18,Negative,3056
2018-06-19,Neutral,18552
2018-06-19,Positive,9972
2018-06-19,Negative,3262
2018-06-20,Neutral,17871
2018-06-20,Positive,9922
2018-06-20,Negative,2680
2018-06-21,Neutral,17629
2018-06-21,Positive,9408
2018-06-21,Negative,2892
2018-06-22,Neutral,19745
2018-06-22,Positive,9355
2018-06-22,Negative,3352
2018-06-23,Neutral,14566
2018-06-23,Positive,7532
2018-06-23,Negative,2175
2018-06-24,Neutral,15060
2018-06-24,Positive,8150
2018-06-24,Negative,2420
2018-06-25,Neutral,18531
2018-06-25,Positive,10022
2018-06-25,Negative,2733
2018-06-26,Neutral,17944
2018-06-26,Positive,9698
2018-06-26,Negative,2779
2018-06-27,Neutral,16711
2018-06-27,Positive,10338
2018-06-27,Negative,3255
2018-06-28,Neutral,17691
2018-06-28,Positive,9475
2018-06-28,Negative,3227
2018-06-29,Neutral,18920
2018-06-29,Positive,10093
2018-06-29,Negative,3270
2018-06-30,Neutral,14610
2018-06-30,Positive,7616
2018-06-30,Negative,2220
2018-07-01,Neutral,14524
2018-07-01,Positive,7825
2018-07-01,Negative,2417
2018-07-02,Neutral,18960
2018-07-02,Positive,9577
2018-07-02,Negative,3323
2018-07-03,Neutral,18710
2018-07-03,Positive,8699
2018-07-03,Negative,2658
2018-07-04,Neutral,17344
2018-07-04,Positive,8282
2018-07-04,Negative,2241
2018-07-05,Neutral,17617
2018-07-05,Positive,9050
2018-07-05,Negative,2812
2018-07-06,Neutral,16424
2018-07-06,Positive,8579
2018-07-06,Negative,2566
2018-07-07,Neutral,12693
2018-07-07,Positive,7015
2018-07-07,Negative,2088
2018-07-08,Neutral,13454
2018-07-08,Positive,7362
2018-07-08,Negative,2434
2018-07-09,Neutral,16835
2018-07-09,Positive,9587
2018-07-09,Negative,3250
2018-07-10,Neutral,17134
2018-07-10,Positive,8667
2018-07-10,Negative,2800
2018-07-11,Neutral,16952
2018-07-11,Positive,9159
2018-07-11,Negative,2606
2018-07-12,Neutral,17520
2018-07-12,Positive,9162
2018-07-12,Negative,2533
2018-07-13,Neutral,16634
2018-07-13,Positive,8925
2018-07-13,Negative,3618
2018-07-14,Neutral,13168
2018-07-14,Positive,7043
2018-07-14,Negative,2619
2018-07-15,Neutral,13165
2018-07-15,Positive,7335
2018-07-15,Negative,2115
2018-07-16,Neutral,19058
2018-07-16,Positive,9602
2018-07-16,Negative,2872
2018-07-17,Neutral,19992
2018-07-17,Positive,11697
2018-07-17,Negative,3289
2018-07-18,Neutral,18908
2018-07-18,Positive,11068
2018-07-18,Negative,3309
2018-07-19,Neutral,17568
2018-07-19,Positive,10091
2018-07-19,Negative,2687
2018-07-20,Neutral,16067
2018-07-20,Positive,9645
2018-07-20,Negative,2626
2018-07-21,Neutral,12727
2018-07-21,Positive,7829
2018-07-21,Negative,2261
2018-07-22,Neutral,14357
2018-07-22,Positive,8014
2018-07-22,Negative,2376
2018-07-23,Neutral,17961
2018-07-23,Positive,11116
2018-07-23,Negative,3228
2018-07-24,Neutral,20848
2018-07-24,Positive,12376
2018-07-24,Negative,4556
2018-07-25,Neutral,18223
2018-07-25,Positive,10158
2018-07-25,Negative,3293
2018-07-26,Neutral,17619
2018-07-26,Positive,10426
2018-07-26,Negative,4568
2018-07-27,Neutral,15711
2018-07-27,Positive,9849
2018-07-27,Negative,4252
2018-07-28,Neutral,12620
2018-07-28,Positive,8056
2018-07-28,Negative,2275
2018-07-29,Neutral,13091
2018-07-29,Positive,7966
2018-07-29,Negative,2391
2018-07-30,Neutral,17573
2018-07-30,Positive,9959
2018-07-30,Negative,2945
2018-07-31,Neutral,17329
2018-07-31,Positive,9869
2018-07-31,Negative,3024
2018-08-01,Neutral,16742
2018-08-01,Positive,9371
2018-08-01,Negative,3272
2018-08-02,Neutral,16719
2018-08-02,Positive,9439
2018-08-02,Negative,3158
2018-08-03,Neutral,16352
2018-08-03,Positive,11333
2018-08-03,Negative,3230
2018-08-04,Neutral,13172
2018-08-04,Positive,7627
2018-08-04,Negative,2314
2018-08-05,Neutral,12500
2018-08-05,Positive,8051
2018-08-05,Negative,2130
2018-08-06,Neutral,15912
2018-08-06,Positive,10108
2018-08-06,Negative,2995
2018-08-07,Neutral,15818
2018-08-07,Positive,9894
2018-08-07,Negative,4602
2018-08-08,Neutral,16166
2018-08-08,Positive,10182
2018-08-08,Negative,4928
2018-08-09,Neutral,16199
2018-08-09,Positive,9469
2018-08-09,Negative,3553
2018-08-10,Neutral,15619
2018-08-10,Positive,10079
2018-08-10,Negative,3070
2018-08-11,Neutral,12970
2018-08-11,Positive,7948
2018-08-11,Negative,2482
2018-08-12,Neutral,12541
2018-08-12,Positive,7493
2018-08-12,Negative,2514
2018-08-13,Neutral,16342
2018-08-13,Positive,9732
2018-08-13,Negative,3548
2018-08-14,Neutral,18076
2018-08-14,Positive,10592
2018-08-14,Negative,3468
2018-08-15,Neutral,15510
2018-08-15,Positive,9211
2018-08-15,Negative,3031
2018-08-16,Neutral,14212
2018-08-16,Positive,9433
2018-08-16,Negative,2500
2018-08-17,Neutral,14763
2018-08-17,Positive,9638
2018-08-17,Negative,2273
2018-08-18,Neutral,10913
2018-08-18,Positive,7248
2018-08-18,Negative,2185
2018-08-19,Neutral,11056
2018-08-19,Positive,7801
2018-08-19,Negative,2736
2018-08-20,Neutral,14857
2018-08-20,Positive,9571
2018-08-20,Negative,3633
2018-08-21,Neutral,16635
2018-08-21,Positive,10310
2018-08-21,Negative,3679
2018-08-22,Neutral,15264
2018-08-22,Positive,9650
2018-08-22,Negative,4750
2018-08-23,Neutral,14421
2018-08-23,Positive,9667
2018-08-23,Negative,5204
2018-08-24,Neutral,14179
2018-08-24,Positive,9183
2018-08-24,Negative,3571
2018-08-25,Neutral,12237
2018-08-25,Positive,7049
2018-08-25,Negative,2451
2018-08-26,Neutral,11952
2018-08-26,Positive,7446
2018-08-26,Negative,2428
2018-08-27,Neutral,16001
2018-08-27,Positive,9922
2018-08-27,Negative,2750
2018-08-28,Neutral,15781
2018-08-28,Positive,9815
2018-08-28,Negative,3009
2018-08-29,Neutral,15477
2018-08-29,Positive,9630
2018-08-29,Negative,2669
2018-08-30,Neutral,15167
2018-08-30,Positive,9326
2018-08-30,Negative,2843
2018-08-31,Neutral,14626
2018-08-31,Positive,9322
2018-08-31,Negative,2581
2018-09-01,Neutral,12330
2018-09-01,Positive,8090
2018-09-01,Negative,1926
2018-09-02,Neutral,12710
2018-09-02,Positive,8228
2018-09-02,Negative,2215
2018-09-03,Neutral,14432
2018-09-03,Positive,9138
2018-09-03,Negative,2758
2018-09-04,Neutral,15036
2018-09-04,Positive,10077
2018-09-04,Negative,2791
2018-09-05,Neutral,17121
2018-09-05,Positive,10301
2018-09-05,Negative,3565
2018-09-06,Neutral,16127
2018-09-06,Positive,9832
2018-09-06,Negative,3273
2018-09-07,Neutral,13869
2018-09-07,Positive,8789
2018-09-07,Negative,2754
2018-09-08,Neutral,11210
2018-09-08,Positive,7158
2018-09-08,Negative,1939
2018-09-09,Neutral,11271
2018-09-09,Positive,6891
2018-09-09,Negative,2718
2018-09-10,Neutral,14193
2018-09-10,Positive,8844
2018-09-10,Negative,4046
2018-09-11,Neutral,13913
2018-09-11,Positive,8799
2018-09-11,Negative,2633
2018-09-12,Neutral,14424
2018-09-12,Positive,9405
2018-09-12,Negative,2876
2018-09-13,Neutral,15772
2018-09-13,Positive,9152
2018-09-13,Negative,2619
2018-09-14,Neutral,13776
2018-09-14,Positive,8098
2018-09-14,Negative,2292
2018-09-15,Neutral,10963
2018-09-15,Positive,6889
2018-09-15,Negative,1805
2018-09-16,Neutral,11312
2018-09-16,Positive,6680
2018-09-16,Negative,2087
2018-09-17,Neutral,13634
2018-09-17,Positive,8510
2018-09-17,Negative,2599
2018-09-18,Neutral,13964
2018-09-18,Positive,8548
2018-09-18,Negative,2563
2018-09-19,Neutral,15153
2018-09-19,Positive,9372
2018-09-19,Negative,2890
2018-09-20,Neutral,14567
2018-09-20,Positive,9439
2018-09-20,Negative,3335
2018-09-21,Neutral,15435
2018-09-21,Positive,8997
2018-09-21,Negative,3386
2018-09-22,Neutral,11243
2018-09-22,Positive,6949
2018-09-22,Negative,2285
2018-09-23,Neutral,11118
2018-09-23,Positive,7771
2018-09-23,Negative,2196
2018-09-24,Neutral,14079
2018-09-24,Positive,9171
2018-09-24,Negative,2926
2018-09-25,Neutral,14721
2018-09-25,Positive,9278
2018-09-25,Negative,2448
2018-09-26,Neutral,14311
2018-09-26,Positive,9407
2018-09-26,Negative,2329
2018-09-27,Neutral,14763
2018-09-27,Positive,8170
2018-09-27,Negative,2818
2018-09-28,Neutral,12873
2018-09-28,Positive,7884
2018-09-28,Negative,2697
2018-09-29,Neutral,10245
2018-09-29,Positive,6831
2018-09-29,Negative,1808
2018-09-30,Neutral,10244
2018-09-30,Positive,6358
2018-09-30,Negative,1659
2018-10-01,Neutral,14259
2018-10-01,Positive,8284
2018-10-01,Negative,2297
2018-10-02,Neutral,13028
2018-10-02,Positive,7464
2018-10-02,Negative,2844
2018-10-03,Neutral,13417
2018-10-03,Positive,8702
2018-10-03,Negative,2641
2018-10-04,Neutral,14432
2018-10-04,Positive,8669
2018-10-04,Negative,2633
2018-10-05,Neutral,13150
2018-10-05,Positive,8702
2018-10-05,Negative,3319
2018-10-06,Neutral,10547
2018-10-06,Positive,6374
2018-10-06,Negative,2294
2018-10-07,Neutral,11065
2018-10-07,Positive,6613
2018-10-07,Negative,2104
2018-10-08,Neutral,14432
2018-10-08,Positive,9042
2018-10-08,Negative,2712
2018-10-09,Neutral,14451
2018-10-09,Positive,9228
2018-10-09,Negative,2601
2018-10-10,Neutral,14930
2018-10-10,Positive,9822
2018-10-10,Negative,3237
2018-10-11,Neutral,15471
2018-10-11,Positive,9554
2018-10-11,Negative,3253
2018-10-12,Neutral,12134
2018-10-12,Positive,8108
2018-10-12,Negative,2877
2018-10-13,Neutral,10008
2018-10-13,Positive,7172
2018-10-13,Negative,2213
2018-10-14,Neutral,11512
2018-10-14,Positive,7596
2018-10-14,Negative,2337
2018-10-15,Neutral,15281
2018-10-15,Positive,10190
2018-10-15,Negative,2881
2018-10-16,Neutral,14858
2018-10-16,Positive,9222
2018-10-16,Negative,2312
2018-10-17,Neutral,14231
2018-10-17,Positive,8690
2018-10-17,Negative,2633
2018-10-18,Neutral,14457
2018-10-18,Positive,7773
2018-10-18,Negative,2688
2018-10-19,Neutral,12397
2018-10-19,Positive,7558
2018-10-19,Negative,2047
2018-10-20,Neutral,10599
2018-10-20,Positive,6219
2018-10-20,Negative,2088
2018-10-21,Neutral,10626
2018-10-21,Positive,6104
2018-10-21,Negative,2229
2018-10-22,Neutral,14274
2018-10-22,Positive,9033
2018-10-22,Negative,2392
2018-10-23,Neutral,15667
2018-10-23,Positive,9450
2018-10-23,Negative,3207
2018-10-24,Neutral,14577
2018-10-24,Positive,9169
2018-10-24,Negative,2735
2018-10-25,Neutral,13175
2018-10-25,Positive,8287
2018-10-25,Negative,2472
2018-10-26,Neutral,13536
2018-10-26,Positive,8728
2018-10-26,Negative,2354
2018-10-27,Neutral,10344
2018-10-27,Positive,6722
2018-10-27,Negative,1899
2018-10-28,Neutral,10045
2018-10-28,Positive,6888
2018-10-28,Negative,2178
2018-10-29,Neutral,15068
2018-10-29,Positive,8679
2018-10-29,Negative,2891
2018-10-30,Neutral,15224
2018-10-30,Positive,9410
2018-10-30,Negative,3086
2018-10-31,Neutral,19672
2018-10-31,Positive,13058
2018-10-31,Negative,3129
2018-11-01,Neutral,15150
2018-11-01,Positive,9755
2018-11-01,Negative,2252
2018-11-02,Neutral,13344
2018-11-02,Positive,9192
2018-11-02,Negative,2261
2018-11-03,Neutral,10313
2018-11-03,Positive,7037
2018-11-03,Negative,1880
2018-11-04,Neutral,12264
2018-11-04,Positive,7369
2018-11-04,Negative,2184
2018-11-05,Neutral,14856
2018-11-05,Positive,9188
2018-11-05,Negative,3348
2018-11-06,Neutral,15867
2018-11-06,Positive,10399
2018-11-06,Negative,2897
2018-11-07,Neutral,14385
2018-11-07,Positive,9275
2018-11-07,Negative,2583
2018-11-08,Neutral,14857
2018-11-08,Positive,9419
2018-11-08,Negative,2700
2018-11-09,Neutral,12917
2018-11-09,Positive,8209
2018-11-09,Negative,2715
2018-11-10,Neutral,10451
2018-11-10,Positive,6577
2018-11-10,Negative,2084
2018-11-11,Neutral,10563
2018-11-11,Positive,6780
2018-11-11,Negative,2038
2018-11-12,Neutral,14058
2018-11-12,Positive,8475
2018-11-12,Negative,2876
2018-11-13,Neutral,14619
2018-11-13,Positive,8624
2018-11-13,Negative,2908
2018-11-14,Neutral,19084
2018-11-14,Positive,11486
2018-11-14,Negative,4280
2018-11-15,Neutral,17815
2018-11-15,Positive,10926
2018-11-15,Negative,4376
2018-11-16,Neutral,14382
2018-11-16,Positive,9068
2018-11-16,Negative,3670
2018-11-17,Neutral,11324
2018-11-17,Positive,7109
2018-11-17,Negative,2378
2018-11-18,Neutral,11644
2018-11-18,Positive,7822
2018-11-18,Negative,2391
2018-11-19,Neutral,20749
2018-11-19,Positive,12932
2018-11-19,Negative,4399
2018-11-20,Neutral,21633
2018-11-20,Positive,12637
2018-11-20,Negative,5774
2018-11-21,Neutral,17340
2018-11-21,Positive,10459
2018-11-21,Negative,4093
2018-11-22,Neutral,14887
2018-11-22,Positive,8959
2018-11-22,Negative,3068
2018-11-23,Neutral,14872
2018-11-23,Positive,8959
2018-11-23,Negative,3200
2018-11-24,Neutral,14276
2018-11-24,Positive,9372
2018-11-24,Negative,3636
2018-11-25,Neutral,15824
2018-11-25,Positive,10861
2018-11-25,Negative,3825
2018-11-26,Neutral,18827
2018-11-26,Positive,11801
2018-11-26,Negative,4786
2018-11-27,Neutral,17100
2018-11-27,Positive,11475
2018-11-27,Negative,3934
2018-11-28,Neutral,16590
2018-11-28,Positive,11015
2018-11-28,Negative,3611
2018-11-29,Neutral,14896
2018-11-29,Positive,9206
2018-11-29,Negative,3234
2018-11-30,Neutral,13734
2018-11-30,Positive,8902
2018-11-30,Negative,3594
2018-12-01,Neutral,10914
2018-12-01,Positive,7294
2018-12-01,Negative,2496
2018-12-02,Neutral,11420
2018-12-02,Positive,7430
2018-12-02,Negative,2068
2018-12-03,Neutral,14169
2018-12-03,Positive,10122
2018-12-03,Negative,3208
2018-12-04,Neutral,13641
2018-12-04,Positive,9618
2018-12-04,Negative,2442
2018-12-05,Neutral,14080
2018-12-05,Positive,8971
2018-12-05,Negative,2371
2018-12-06,Neutral,15107
2018-12-06,Positive,9809
2018-12-06,Negative,3807
2018-12-07,Neutral,14239
2018-12-07,Positive,9658
2018-12-07,Negative,3750
2018-12-08,Neutral,10561
2018-12-08,Positive,7266
2018-12-08,Negative,1954
2018-12-09,Neutral,10712
2018-12-09,Positive,7750
2018-12-09,Negative,1948
2018-12-10,Neutral,13035
2018-12-10,Positive,8859
2018-12-10,Negative,2632
2018-12-11,Neutral,13777
2018-12-11,Positive,9335
2018-12-11,Negative,2470
2018-12-12,Neutral,13628
2018-12-12,Positive,9110
2018-12-12,Negative,2441
2018-12-13,Neutral,15213
2018-12-13,Positive,9537
2018-12-13,Negative,2960
2018-12-14,Neutral,14190
2018-12-14,Positive,9381
2018-12-14,Negative,2897
2018-12-15,Neutral,10604
2018-12-15,Positive,7114
2018-12-15,Negative,1976
2018-12-16,Neutral,11304
2018-12-16,Positive,7472
2018-12-16,Negative,2065
2018-12-17,Neutral,15431
2018-12-17,Positive,10779
2018-12-17,Negative,2953
2018-12-18,Neutral,15802
2018-12-18,Positive,9668
2018-12-18,Negative,2701
2018-12-19,Neutral,15897
2018-12-19,Positive,10231
2018-12-19,Negative,2594
2018-12-20,Neutral,15887
2018-12-20,Positive,9969
2018-12-20,Negative,2816
2018-12-21,Neutral,13536
2018-12-21,Positive,8641
2018-12-21,Negative,2205
2018-12-22,Neutral,11376
2018-12-22,Positive,6669
2018-12-22,Negative,1897
2018-12-23,Neutral,11105
2018-12-23,Positive,7411
2018-12-23,Negative,1763
2018-12-24,Neutral,12844
2018-12-24,Positive,7192
2018-12-24,Negative,2211
2018-12-25,Neutral,11351
2018-12-25,Positive,6222
2018-12-25,Negative,1888
2018-12-26,Neutral,12375
2018-12-26,Positive,7050
2018-12-26,Negative,2148
2018-12-27,Neutral,14036
2018-12-27,Positive,7831
2018-12-27,Negative,2188
2018-12-28,Neutral,13299
2018-12-28,Positive,7723
2018-12-28,Negative,2276
2018-12-29,Neutral,11248
2018-12-29,Positive,6866
2018-12-29,Negative,1807
2018-12-30,Neutral,11550
2018-12-30,Positive,6917
2018-12-30,Negative,1657
2018-12-31,Neutral,11325
2018-12-31,Positive,7898
2018-12-31,Negative,2141
2019-01-01,Neutral,10137
2019-01-01,Positive,7156
2019-01-01,Negative,1787
2019-01-02,Neutral,12895
2019-01-02,Positive,8634
2019-01-02,Negative,2623
2019-01-03,Neutral,15042
2019-01-03,Positive,11380
2019-01-03,Negative,2504
2019-01-04,Neutral,12331
2019-01-04,Positive,8384
2019-01-04,Negative,2104
2019-01-05,Neutral,9980
2019-01-05,Positive,6782
2019-01-05,Negative,2101
2019-01-06,Neutral,11673
2019-01-06,Positive,7555
2019-01-06,Negative,2062
2019-01-07,Neutral,13878
2019-01-07,Positive,8692
2019-01-07,Negative,2603
2019-01-08,Neutral,13289
2019-01-08,Positive,8168
2019-01-08,Negative,2223
2019-01-09,Neutral,13841
2019-01-09,Positive,8753
2019-01-09,Negative,2420
2019-01-10,Neutral,14033
2019-01-10,Positive,8927
2019-01-10,Negative,2812
2019-01-11,Neutral,12395
2019-01-11,Positive,8368
2019-01-11,Negative,2484
2019-01-12,Neutral,9950
2019-01-12,Positive,7295
2019-01-12,Negative,1841
2019-01-13,Neutral,10791
2019-01-13,Positive,7203
2019-01-13,Negative,2059
2019-01-14,Neutral,13713
2019-01-14,Positive,8548
2019-01-14,Negative,2623
2019-01-15,Neutral,13119
2019-01-15,Positive,8137
2019-01-15,Negative,2193
2019-01-16,Neutral,13181
2019-01-16,Positive,7875
2019-01-16,Negative,2314
2019-01-17,Neutral,13185
2019-01-17,Positive,7976
2019-01-17,Negative,2793
2019-01-18,Neutral,13061
2019-01-18,Positive,7996
2019-01-18,Negative,2292
2019-01-19,Neutral,11173
2019-01-19,Positive,7242
2019-01-19,Negative,1964
2019-01-20,Neutral,11326
2019-01-20,Positive,6582
2019-01-20,Negative,1859
2019-01-21,Neutral,13474
2019-01-21,Positive,7990
2019-01-21,Negative,2540
2019-01-22,Neutral,13252
2019-01-22,Positive,8073
2019-01-22,Negative,2279
2019-01-23,Neutral,14809
2019-01-23,Positive,8553
2019-01-23,Negative,2880
2019-01-24,Neutral,14016
2019-01-24,Positive,8322
2019-01-24,Negative,2625
2019-01-25,Neutral,12793
2019-01-25,Positive,8096
2019-01-25,Negative,1900
2019-01-26,Neutral,10683
2019-01-26,Positive,7219
2019-01-26,Negative,1931
2019-01-27,Neutral,10601
2019-01-27,Positive,6641
2019-01-27,Negative,1715
2019-01-28,Neutral,14323
2019-01-28,Positive,8325
2019-01-28,Negative,2552
2019-01-29,Neutral,13293
2019-01-29,Positive,8096
2019-01-29,Negative,2547
2019-01-30,Neutral,14046
2019-01-30,Positive,8252
2019-01-30,Negative,2447
2019-01-31,Neutral,13864
2019-01-31,Positive,8134
2019-01-31,Negative,2688
2019-02-01,Neutral,12545
2019-02-01,Positive,7614
2019-02-01,Negative,2265
2019-02-02,Neutral,9953
2019-02-02,Positive,6319
2019-02-02,Negative,1620
2019-02-03,Neutral,9919
2019-02-03,Positive,6631
2019-02-03,Negative,1747
2019-02-04,Neutral,13600
2019-02-04,Positive,8101
2019-02-04,Negative,2200
2019-02-05,Neutral,14136
2019-02-05,Positive,8496
2019-02-05,Negative,2797
2019-02-06,Neutral,15360
2019-02-06,Positive,9144
2019-02-06,Negative,2904
2019-02-07,Neutral,14010
2019-02-07,Positive,8301
2019-02-07,Negative,3196
2019-02-08,Neutral,13790
2019-02-08,Positive,8575
2019-02-08,Negative,3383
2019-02-09,Neutral,10839
2019-02-09,Positive,6536
2019-02-09,Negative,2052
2019-02-10,Neutral,10389
2019-02-10,Positive,6446
2019-02-10,Negative,1861
2019-02-11,Neutral,13073
2019-02-11,Positive,8543
2019-02-11,Negative,2557
2019-02-12,Neutral,13196
2019-02-12,Positive,7939
2019-02-12,Negative,2569
2019-02-13,Neutral,13659
2019-02-13,Positive,8220
2019-02-13,Negative,2811
2019-02-14,Neutral,14116
2019-02-14,Positive,9507
2019-02-14,Negative,3007
2019-02-15,Neutral,13029
2019-02-15,Positive,7758
2019-02-15,Negative,2375
2019-02-16,Neutral,10376
2019-02-16,Positive,5839
2019-02-16,Negative,1734
2019-02-17,Neutral,10386
2019-02-17,Positive,6819
2019-02-17,Negative,1959
2019-02-18,Neutral,14264
2019-02-18,Positive,9405
2019-02-18,Negative,2444
2019-02-19,Neutral,13974
2019-02-19,Positive,9142
2019-02-19,Negative,2508
2019-02-20,Neutral,14302
2019-02-20,Positive,9589
2019-02-20,Negative,2800
2019-02-21,Neutral,13449
2019-02-21,Positive,8719
2019-02-21,Negative,2283
2019-02-22,Neutral,13392
2019-02-22,Positive,7996
2019-02-22,Negative,2289
2019-02-23,Neutral,11630
2019-02-23,Positive,7931
2019-02-23,Negative,2266
2019-02-24,Neutral,12036
2019-02-24,Positive,7629
2019-02-24,Negative,2272
2019-02-25,Neutral,14251
2019-02-25,Positive,8317
2019-02-25,Negative,2541
2019-02-26,Neutral,13189
2019-02-26,Positive,7770
2019-02-26,Negative,2476
2019-02-27,Neutral,14271
2019-02-27,Positive,8333
2019-02-27,Negative,2308
2019-02-28,Neutral,12862
2019-02-28,Positive,7871
2019-02-28,Negative,3307
2019-03-01,Neutral,11996
2019-03-01,Positive,7969
2019-03-01,Negative,2675
2019-03-02,Neutral,10837
2019-03-02,Positive,6276
2019-03-02,Negative,1840
2019-03-03,Neutral,10554
2019-03-03,Positive,6656
2019-03-03,Negative,2077
2019-03-04,Neutral,13441
2019-03-04,Positive,7852
2019-03-04,Negative,2572
2019-03-05,Neutral,13118
2019-03-05,Positive,7992
2019-03-05,Negative,2345
2019-03-06,Neutral,13319
2019-03-06,Positive,7982
2019-03-06,Negative,2119
2019-03-07,Neutral,12916
2019-03-07,Positive,8071
2019-03-07,Negative,2138
2019-03-08,Neutral,11587
2019-03-08,Positive,7463
2019-03-08,Negative,1932
2019-03-09,Neutral,10110
2019-03-09,Positive,6783
2019-03-09,Negative,1605
2019-03-10,Neutral,10048
2019-03-10,Positive,6813
2019-03-10,Negative,1588
2019-03-11,Neutral,12601
2019-03-11,Positive,8234
2019-03-11,Negative,2068
2019-03-12,Neutral,12276
2019-03-12,Positive,9053
2019-03-12,Negative,2516
2019-03-13,Neutral,12489
2019-03-13,Positive,7423
2019-03-13,Negative,2646
2019-03-14,Neutral,12984
2019-03-14,Positive,7884
2019-03-14,Negative,2618
2019-03-15,Neutral,13108
2019-03-15,Positive,7835
2019-03-15,Negative,2314
2019-03-16,Neutral,11052
2019-03-16,Positive,6660
2019-03-16,Negative,1792
2019-03-17,Neutral,10247
2019-03-17,Positive,6721
2019-03-17,Negative,1699
2019-03-18,Neutral,12625
2019-03-18,Positive,7971
2019-03-18,Negative,2361
2019-03-19,Neutral,13174
2019-03-19,Positive,7965
2019-03-19,Negative,2462
2019-03-20,Neutral,14326
2019-03-20,Positive,8783
2019-03-20,Negative,2451
2019-03-21,Neutral,12897
2019-03-21,Positive,7840
2019-03-21,Negative,2336
2019-03-22,Neutral,12402
2019-03-22,Positive,8001
2019-03-22,Negative,2318
2019-03-23,Neutral,9840
2019-03-23,Positive,6953
2019-03-23,Negative,1740
2019-03-24,Neutral,9559
2019-03-24,Positive,6719
2019-03-24,Negative,1927
2019-03-25,Neutral,13053
2019-03-25,Positive,7827
2019-03-25,Negative,2609
2019-03-26,Neutral,12489
2019-03-26,Positive,7565
2019-03-26,Negative,2272
2019-03-27,Neutral,11727
2019-03-27,Positive,8473
2019-03-27,Negative,2425
2019-03-28,Neutral,12651
2019-03-28,Positive,8016
2019-03-28,Negative,2528
2019-03-29,Neutral,12742
2019-03-29,Positive,8387
2019-03-29,Negative,2743
2019-03-30,Neutral,9440
2019-03-30,Positive,6200
2019-03-30,Negative,2010
2019-03-31,Neutral,8996
2019-03-31,Positive,6891
2019-03-31,Negative,1757
2019-04-01,Neutral,13749
2019-04-01,Positive,9568
2019-04-01,Negative,2803
2019-04-02,Neutral,20340
2019-04-02,Positive,13511
2019-04-02,Negative,3881
2019-04-03,Neutral,17276
2019-04-03,Positive,11422
2019-04-03,Negative,3323
2019-04-04,Neutral,15185
2019-04-04,Positive,9454
2019-04-04,Negative,3111
2019-04-05,Neutral,14244
2019-04-05,Positive,8968
2019-04-05,Negative,2418
2019-04-06,Neutral,12007
2019-04-06,Positive,7573
2019-04-06,Negative,1810
2019-04-07,Neutral,11532
2019-04-07,Positive,7998
2019-04-07,Negative,1887
2019-04-08,Neutral,13586
2019-04-08,Positive,9757
2019-04-08,Negative,2561
2019-04-09,Neutral,14919
2019-04-09,Positive,10982
2019-04-09,Negative,2435
2019-04-10,Neutral,13740
2019-04-10,Positive,9329
2019-04-10,Negative,2589
2019-04-11,Neutral,13070
2019-04-11,Positive,8334
2019-04-11,Negative,2742
2019-04-12,Neutral,12457
2019-04-12,Positive,8135
2019-04-12,Negative,2388
2019-04-13,Neutral,10514
2019-04-13,Positive,6687
2019-04-13,Negative,1628
2019-04-14,Neutral,10349
2019-04-14,Positive,7485
2019-04-14,Negative,1803
2019-04-15,Neutral,14664
2019-04-15,Positive,9625
2019-04-15,Negative,2727
2019-04-16,Neutral,14501
2019-04-16,Positive,8621
2019-04-16,Negative,2547
2019-04-17,Neutral,13427
2019-04-17,Positive,8782
2019-04-17,Negative,2641
2019-04-18,Neutral,12728
2019-04-18,Positive,8592
2019-04-18,Negative,2219
2019-04-19,Neutral,11925
2019-04-19,Positive,8494
2019-04-19,Negative,2193
2019-04-20,Neutral,10775
2019-04-20,Positive,7447
2019-04-20,Negative,2148
2019-04-21,Neutral,11002
2019-04-21,Positive,7741
2019-04-21,Negative,2511
2019-04-22,Neutral,14370
2019-04-22,Positive,9002
2019-04-22,Negative,2606
2019-04-23,Neutral,15980
2019-04-23,Positive,10658
2019-04-23,Negative,2757
2019-04-24,Neutral,14160
2019-04-24,Positive,9610
2019-04-24,Negative,2679
2019-04-25,Neutral,13569
2019-04-25,Positive,9230
2019-04-25,Negative,2584
2019-04-26,Neutral,12103
2019-04-26,Positive,7739
2019-04-26,Negative,2441
2019-04-27,Neutral,10019
2019-04-27,Positive,6538
2019-04-27,Negative,1891
2019-04-28,Neutral,9933
2019-04-28,Positive,6600
2019-04-28,Negative,1952
2019-04-29,Neutral,12567
2019-04-29,Positive,7969
2019-04-29,Negative,2827
2019-04-30,Neutral,12836
2019-04-30,Positive,8456
2019-04-30,Negative,2202
2019-05-01,Neutral,12689
2019-05-01,Positive,8635
2019-05-01,Negative,2076
2019-05-02,Neutral,14163
2019-05-02,Positive,8700
2019-05-02,Negative,2378
2019-05-03,Neutral,14595
2019-05-03,Positive,10210
2019-05-03,Negative,2900
2019-05-04,Neutral,10584
2019-05-04,Positive,7183
2019-05-04,Negative,1890
2019-05-05,Neutral,10359
2019-05-05,Positive,6390
2019-05-05,Negative,1868
2019-05-06,Neutral,13474
2019-05-06,Positive,8605
2019-05-06,Negative,2953
2019-05-07,Neutral,14544
2019-05-07,Positive,10101
2019-05-07,Negative,2682
2019-05-08,Neutral,16205
2019-05-08,Positive,11375
2019-05-08,Negative,3761
2019-05-09,Neutral,15173
2019-05-09,Positive,10343
2019-05-09,Negative,2768
2019-05-10,Neutral,15187
2019-05-10,Positive,10630
2019-05-10,Negative,3250
2019-05-11,Neutral,15465
2019-05-11,Positive,10258
2019-05-11,Negative,2699
2019-05-12,Neutral,13588
2019-05-12,Positive,9076
2019-05-12,Negative,2177
2019-05-13,Neutral,22867
2019-05-13,Positive,14685
2019-05-13,Negative,3702
2019-05-14,Neutral,18912
2019-05-14,Positive,13227
2019-05-14,Negative,4234
2019-05-15,Neutral,17360
2019-05-15,Positive,11455
2019-05-15,Negative,3686
2019-05-16,Neutral,15680
2019-05-16,Positive,11040
2019-05-16,Negative,3095
2019-05-17,Neutral,14238
2019-05-17,Positive,9599
2019-05-17,Negative,3057
2019-05-18,Neutral,11851
2019-05-18,Positive,7460
2019-05-18,Negative,2170
2019-05-19,Neutral,13006
2019-05-19,Positive,9798
2019-05-19,Negative,2356
2019-05-20,Neutral,15433
2019-05-20,Positive,10724
2019-05-20,Negative,3605
2019-05-21,Neutral,15792
2019-05-21,Positive,10425
2019-05-21,Negative,3952
2019-05-22,Neutral,15727
2019-05-22,Positive,10593
2019-05-22,Negative,3256
2019-05-23,Neutral,15296
2019-05-23,Positive,9391
2019-05-23,Negative,2973
2019-05-24,Neutral,15094
2019-05-24,Positive,9867
2019-05-24,Negative,2534
2019-05-25,Neutral,11821
2019-05-25,Positive,8002
2019-05-25,Negative,1988
2019-05-26,Neutral,13859
2019-05-26,Positive,9277
2019-05-26,Negative,2555
2019-05-27,Neutral,16387
2019-05-27,Positive,10506
2019-05-27,Negative,2807
2019-05-28,Neutral,14961
2019-05-28,Positive,10187
2019-05-28,Negative,2992
2019-05-29,Neutral,15001
2019-05-29,Positive,10361
2019-05-29,Negative,3141
2019-05-30,Neutral,16308
2019-05-30,Positive,10675
2019-05-30,Negative,3486
2019-05-31,Neutral,14199
2019-05-31,Positive,9457
2019-05-31,Negative,2912
2019-06-01,Neutral,10285
2019-06-01,Positive,7365
2019-06-01,Negative,1938
2019-06-02,Neutral,10471
2019-06-02,Positive,7228
2019-06-02,Negative,2137
2019-06-03,Neutral,13455
2019-06-03,Positive,8908
2019-06-03,Negative,2653
2019-06-04,Neutral,12969
2019-06-04,Positive,8132
2019-06-04,Negative,2529
2019-06-05,Neutral,12436
2019-06-05,Positive,8512
2019-06-05,Negative,2435
2019-06-06,Neutral,11363
2019-06-06,Positive,7850
2019-06-06,Negative,2493
2019-06-07,Neutral,12042
2019-06-07,Positive,7887
2019-06-07,Negative,2415
2019-06-08,Neutral,9323
2019-06-08,Positive,6009
2019-06-08,Negative,1753
2019-06-09,Neutral,9752
2019-06-09,Positive,6298
2019-06-09,Negative,1632
2019-06-10,Neutral,11810
2019-06-10,Positive,7541
2019-06-10,Negative,2128
2019-06-11,Neutral,11220
2019-06-11,Positive,7446
2019-06-11,Negative,2104
2019-06-12,Neutral,11645
2019-06-12,Positive,7717
2019-06-12,Negative,2041
2019-06-13,Neutral,12785
2019-06-13,Positive,8335
2019-06-13,Negative,2362
2019-06-14,Neutral,12284
2019-06-14,Positive,8318
2019-06-14,Negative,2401
2019-06-15,Neutral,11053
2019-06-15,Positive,7418
2019-06-15,Negative,2113
2019-06-16,Neutral,12235
2019-06-16,Positive,8241
2019-06-16,Negative,2334
2019-06-17,Neutral,15510
2019-06-17,Positive,9452
2019-06-17,Negative,2836
2019-06-18,Neutral,15804
2019-06-18,Positive,11389
2019-06-18,Negative,3339
2019-06-19,Neutral,13271
2019-06-19,Positive,9215
2019-06-19,Negative,2751
2019-06-20,Neutral,14852
2019-06-20,Positive,9800
2019-06-20,Negative,2779
2019-06-21,Neutral,19204
2019-06-21,Positive,12859
2019-06-21,Negative,3882
2019-06-22,Neutral,16805
2019-06-22,Positive,11744
2019-06-22,Negative,3827
2019-06-23,Neutral,13254
2019-06-23,Positive,9453
2019-06-23,Negative,2593
2019-06-24,Neutral,16076
2019-06-24,Positive,10934
2019-06-24,Negative,3161
2019-06-25,Neutral,20048
2019-06-25,Positive,13163
2019-06-25,Negative,4068
2019-06-26,Neutral,26748
2019-06-26,Positive,16366
2019-06-26,Negative,5493
2019-06-27,Neutral,18735
2019-06-27,Positive,12520
2019-06-27,Negative,4048
2019-06-28,Neutral,16055
2019-06-28,Positive,10378
2019-06-28,Negative,3066
2019-06-29,Neutral,12118
2019-06-29,Positive,7612
2019-06-29,Negative,2388
2019-06-30,Neutral,12591
2019-06-30,Positive,8163
2019-06-30,Negative,2363
2019-07-01,Neutral,16394
2019-07-01,Positive,9586
2019-07-01,Negative,2968
2019-07-02,Neutral,17073
2019-07-02,Positive,10625
2019-07-02,Negative,3572
2019-07-03,Neutral,16018
2019-07-03,Positive,10299
2019-07-03,Negative,3219
2019-07-04,Neutral,14012
2019-07-04,Positive,9255
2019-07-04,Negative,2742
2019-07-05,Neutral,13790
2019-07-05,Positive,8947
2019-07-05,Negative,2662
2019-07-06,Neutral,10503
2019-07-06,Positive,7106
2019-07-06,Negative,2065
2019-07-07,Neutral,10754
2019-07-07,Positive,7767
2019-07-07,Negative,2432
2019-07-08,Neutral,14984
2019-07-08,Positive,10169
2019-07-08,Negative,2955
2019-07-09,Neutral,15089
2019-07-09,Positive,10759
2019-07-09,Negative,2907
2019-07-10,Neutral,16268
2019-07-10,Positive,11370
2019-07-10,Negative,3757
2019-07-11,Neutral,18317
2019-07-11,Positive,12244
2019-07-11,Negative,5362
2019-07-12,Neutral,17751
2019-07-12,Positive,11246
2019-07-12,Negative,4069
2019-07-13,Neutral,12694
2019-07-13,Positive,8049
2019-07-13,Negative,2977
2019-07-14,Neutral,12968
2019-07-14,Positive,8525
2019-07-14,Negative,2975
2019-07-15,Neutral,16260
2019-07-15,Positive,10758
2019-07-15,Negative,3805
2019-07-16,Neutral,18088
2019-07-16,Positive,10357
2019-07-16,Negative,3455
2019-07-17,Neutral,17074
2019-07-17,Positive,10694
2019-07-17,Negative,4049
2019-07-18,Neutral,18335
2019-07-18,Positive,10657
2019-07-18,Negative,3806
2019-07-19,Neutral,17254
2019-07-19,Positive,9282
2019-07-19,Negative,2860
2019-07-20,Neutral,14530
2019-07-20,Positive,7622
2019-07-20,Negative,2366
2019-07-21,Neutral,14192
2019-07-21,Positive,7748
2019-07-21,Negative,2075
2019-07-22,Neutral,17486
2019-07-22,Positive,9044
2019-07-22,Negative,3069
2019-07-23,Neutral,17798
2019-07-23,Positive,8593
2019-07-23,Negative,2871
2019-07-24,Neutral,17688
2019-07-24,Positive,9679
2019-07-24,Negative,3007
2019-07-25,Neutral,15333
2019-07-25,Positive,9139
2019-07-25,Negative,2586
2019-07-26,Neutral,17986
2019-07-26,Positive,10470
2019-07-26,Negative,3084
2019-07-27,Neutral,12198
2019-07-27,Positive,7502
2019-07-27,Negative,2484
2019-07-28,Neutral,11684
2019-07-28,Positive,7440
2019-07-28,Negative,2353
2019-07-29,Neutral,14047
2019-07-29,Positive,8269
2019-07-29,Negative,2773
2019-07-30,Neutral,13400
2019-07-30,Positive,8862
2019-07-30,Negative,2655
2019-07-31,Neutral,14795
2019-07-31,Positive,9268
2019-07-31,Negative,2723
2019-08-01,Neutral,15128
2019-08-01,Positive,9973
2019-08-01,Negative,2625
2019-08-02,Neutral,14286
2019-08-02,Positive,9355
2019-08-02,Negative,2419
2019-08-03,Neutral,10884
2019-08-03,Positive,7187
2019-08-03,Negative,1973
2019-08-04,Neutral,12288
2019-08-04,Positive,7198
2019-08-04,Negative,1986
2019-08-05,Neutral,15645
2019-08-05,Positive,10209
2019-08-05,Negative,3388
2019-08-06,Neutral,14550
2019-08-06,Positive,9901
2019-08-06,Negative,2894
2019-08-07,Neutral,14920
2019-08-07,Positive,9245
2019-08-07,Negative,3171
2019-08-08,Neutral,13768
2019-08-08,Positive,9262
2019-08-08,Negative,2763
2019-08-09,Neutral,13847
2019-08-09,Positive,8781
2019-08-09,Negative,2550
2019-08-10,Neutral,10943
2019-08-10,Positive,7056
2019-08-10,Negative,2135
2019-08-11,Neutral,10999
2019-08-11,Positive,7189
2019-08-11,Negative,1888
2019-08-12,Neutral,13777
2019-08-12,Positive,8977
2019-08-12,Negative,2697
2019-08-13,Neutral,15015
2019-08-13,Positive,8997
2019-08-13,Negative,2825
2019-08-14,Neutral,15881
2019-08-14,Positive,9169
2019-08-14,Negative,2993
2019-08-15,Neutral,14519
2019-08-15,Positive,8597
2019-08-15,Negative,3048
2019-08-16,Neutral,14044
2019-08-16,Positive,8115
2019-08-16,Negative,2769
2019-08-17,Neutral,10868
2019-08-17,Positive,6925
2019-08-17,Negative,1943
2019-08-18,Neutral,10997
2019-08-18,Positive,7541
2019-08-18,Negative,2385
2019-08-19,Neutral,13637
2019-08-19,Positive,8895
2019-08-19,Negative,2363
2019-08-20,Neutral,15043
2019-08-20,Positive,9772
2019-08-20,Negative,2684
2019-08-21,Neutral,15225
2019-08-21,Positive,8855
2019-08-21,Negative,2914
2019-08-22,Neutral,13912
2019-08-22,Positive,8856
2019-08-22,Negative,2714
2019-08-23,Neutral,13600
2019-08-23,Positive,8802
2019-08-23,Negative,3025
2019-08-24,Neutral,11184
2019-08-24,Positive,7008
2019-08-24,Negative,2448
2019-08-25,Neutral,11733
2019-08-25,Positive,7018
2019-08-25,Negative,2276
2019-08-26,Neutral,13940
2019-08-26,Positive,8443
2019-08-26,Negative,2723
2019-08-27,Neutral,13626
2019-08-27,Positive,8117
2019-08-27,Negative,2692
2019-08-28,Neutral,15110
2019-08-28,Positive,8921
2019-08-28,Negative,3480
2019-08-29,Neutral,14154
2019-08-29,Positive,8018
2019-08-29,Negative,2698
2019-08-30,Neutral,13258
2019-08-30,Positive,7453
2019-08-30,Negative,2243
2019-08-31,Neutral,10847
2019-08-31,Positive,6290
2019-08-31,Negative,1974
2019-09-01,Neutral,11296
2019-09-01,Positive,6720
2019-09-01,Negative,2467
2019-09-02,Neutral,14470
2019-09-02,Positive,8200
2019-09-02,Negative,3024
2019-09-03,Neutral,15969
2019-09-03,Positive,8668
2019-09-03,Negative,3117
2019-09-04,Neutral,14434
2019-09-04,Positive,8317
2019-09-04,Negative,2707
2019-09-05,Neutral,14030
2019-09-05,Positive,8121
2019-09-05,Negative,2628
2019-09-06,Neutral,14352
2019-09-06,Positive,8567
2019-09-06,Negative,2908
2019-09-07,Neutral,10626
2019-09-07,Positive,6577
2019-09-07,Negative,2307
2019-09-08,Neutral,11021
2019-09-08,Positive,6292
2019-09-08,Negative,2169
2019-09-09,Neutral,13728
2019-09-09,Positive,8261
2019-09-09,Negative,2967
2019-09-10,Neutral,13818
2019-09-10,Positive,7922
2019-09-10,Negative,3392
2019-09-11,Neutral,13551
2019-09-11,Positive,7943
2019-09-11,Negative,2434
2019-09-12,Neutral,14715
2019-09-12,Positive,7986
2019-09-12,Negative,2381
2019-09-13,Neutral,13272
2019-09-13,Positive,7584
2019-09-13,Negative,2243
2019-09-14,Neutral,10857
2019-09-14,Positive,6651
2019-09-14,Negative,1869
2019-09-15,Neutral,11283
2019-09-15,Positive,6822
2019-09-15,Negative,1979
2019-09-16,Neutral,14992
2019-09-16,Positive,8331
2019-09-16,Negative,2561
2019-09-17,Neutral,14806
2019-09-17,Positive,8069
2019-09-17,Negative,2729
2019-09-18,Neutral,14276
2019-09-18,Positive,8781
2019-09-18,Negative,2803
2019-09-19,Neutral,14742
2019-09-19,Positive,8889
2019-09-19,Negative,2813
2019-09-20,Neutral,13881
2019-09-20,Positive,7873
2019-09-20,Negative,2393
2019-09-21,Neutral,11188
2019-09-21,Positive,6397
2019-09-21,Negative,1998
2019-09-22,Neutral,11555
2019-09-22,Positive,7158
2019-09-22,Negative,2294
2019-09-23,Neutral,14251
2019-09-23,Positive,8961
2019-09-23,Negative,3155
2019-09-24,Neutral,17411
2019-09-24,Positive,9910
2019-09-24,Negative,4004
2019-09-25,Neutral,16529
2019-09-25,Positive,9129
2019-09-25,Negative,3221
2019-09-26,Neutral,16156
2019-09-26,Positive,8652
2019-09-26,Negative,2912
2019-09-27,Neutral,14715
2019-09-27,Positive,7887
2019-09-27,Negative,3194
2019-09-28,Neutral,11594
2019-09-28,Positive,6392
2019-09-28,Negative,2216
2019-09-29,Neutral,11691
2019-09-29,Positive,6145
2019-09-29,Negative,2180
2019-09-30,Neutral,14717
2019-09-30,Positive,7928
2019-09-30,Negative,2549
2019-10-01,Neutral,14122
2019-10-01,Positive,7504
2019-10-01,Negative,2854
2019-10-02,Neutral,13006
2019-10-02,Positive,7337
2019-10-02,Negative,2613
2019-10-03,Neutral,13267
2019-10-03,Positive,7898
2019-10-03,Negative,2838
2019-10-04,Neutral,12906
2019-10-04,Positive,7496
2019-10-04,Negative,2510
2019-10-05,Neutral,11521
2019-10-05,Positive,6513
2019-10-05,Negative,2253
2019-10-06,Neutral,12016
2019-10-06,Positive,6896
2019-10-06,Negative,2277
2019-10-07,Neutral,14058
2019-10-07,Positive,8067
2019-10-07,Negative,2483
2019-10-08,Neutral,13495
2019-10-08,Positive,7481
2019-10-08,Negative,2597
2019-10-09,Neutral,14824
2019-10-09,Positive,8451
2019-10-09,Negative,2982
2019-10-10,Neutral,14132
2019-10-10,Positive,8431
2019-10-10,Negative,2854
2019-10-11,Neutral,13384
2019-10-11,Positive,7972
2019-10-11,Negative,2572
2019-10-12,Neutral,11133
2019-10-12,Positive,6238
2019-10-12,Negative,1983
2019-10-13,Neutral,11387
2019-10-13,Positive,6297
2019-10-13,Negative,2153
2019-10-14,Neutral,13154
2019-10-14,Positive,7693
2019-10-14,Negative,2424
2019-10-15,Neutral,14410
2019-10-15,Positive,7648
2019-10-15,Negative,2572
2019-10-16,Neutral,15225
2019-10-16,Positive,8489
2019-10-16,Negative,3226
2019-10-17,Neutral,14354
2019-10-17,Positive,8068
2019-10-17,Negative,3191
2019-10-18,Neutral,13786
2019-10-18,Positive,8063
2019-10-18,Negative,3019
2019-10-19,Neutral,11547
2019-10-19,Positive,7062
2019-10-19,Negative,2505
2019-10-20,Neutral,11868
2019-10-20,Positive,6933
2019-10-20,Negative,2362
2019-10-21,Neutral,14212
2019-10-21,Positive,8039
2019-10-21,Negative,2930
2019-10-22,Neutral,14988
2019-10-22,Positive,8624
2019-10-22,Negative,2745
2019-10-23,Neutral,16448
2019-10-23,Positive,9519
2019-10-23,Negative,3510
2019-10-24,Neutral,14213
2019-10-24,Positive,8051
2019-10-24,Negative,2893
2019-10-25,Neutral,18021
2019-10-25,Positive,10555
2019-10-25,Negative,3649
2019-10-26,Neutral,13180
2019-10-26,Positive,7729
2019-10-26,Negative,2684
2019-10-27,Neutral,12040
2019-10-27,Positive,7592
2019-10-27,Negative,2061
2019-10-28,Neutral,13909
2019-10-28,Positive,8391
2019-10-28,Negative,2518
2019-10-29,Neutral,11826
2019-10-29,Positive,7238
2019-10-29,Negative,2152
2019-10-30,Neutral,11627
2019-10-30,Positive,7184
2019-10-30,Negative,2018
2019-10-31,Neutral,12209
2019-10-31,Positive,7890
2019-10-31,Negative,2133
2019-11-01,Neutral,10709
2019-11-01,Positive,6683
2019-11-01,Negative,1980
2019-11-02,Neutral,9352
2019-11-02,Positive,5527
2019-11-02,Negative,1660
2019-11-03,Neutral,10111
2019-11-03,Positive,5575
2019-11-03,Negative,1863
2019-11-04,Neutral,12155
2019-11-04,Positive,7582
2019-11-04,Negative,2492
2019-11-05,Neutral,11292
2019-11-05,Positive,7266
2019-11-05,Negative,2142
2019-11-06,Neutral,11342
2019-11-06,Positive,6410
2019-11-06,Negative,1951
2019-11-07,Neutral,11720
2019-11-07,Positive,6750
2019-11-07,Negative,2097
2019-11-08,Neutral,12384
2019-11-08,Positive,7073
2019-11-08,Negative,2312
2019-11-09,Neutral,9491
2019-11-09,Positive,5925
2019-11-09,Negative,1766
2019-11-10,Neutral,10532
2019-11-10,Positive,6136
2019-11-10,Negative,1801
2019-11-11,Neutral,12723
2019-11-11,Positive,7856
2019-11-11,Negative,2202
2019-11-12,Neutral,11854
2019-11-12,Positive,6741
2019-11-12,Negative,1913
2019-11-13,Neutral,11633
2019-11-13,Positive,6507
2019-11-13,Negative,2072
2019-11-14,Neutral,11670
2019-11-14,Positive,6618
2019-11-14,Negative,2002
2019-11-15,Neutral,10985
2019-11-15,Positive,6173
2019-11-15,Negative,2069
2019-11-16,Neutral,9492
2019-11-16,Positive,5279
2019-11-16,Negative,1869
2019-11-17,Neutral,9931
2019-11-17,Positive,5162
2019-11-17,Negative,1820
2019-11-18,Neutral,12621
2019-11-18,Positive,6200
2019-11-18,Negative,2265
2019-11-19,Neutral,11728
2019-11-19,Positive,7065
2019-11-19,Negative,2362
2019-11-20,Neutral,11872
2019-11-20,Positive,7235
2019-11-20,Negative,2231
2019-11-21,Neutral,13056
2019-11-21,Positive,8026
2019-11-21,Negative,2930
2019-11-22,Neutral,13663
2019-11-22,Positive,7437
2019-11-22,Negative,2806
2019-11-23,Neutral,10028
2019-11-23,Positive,5839
2019-11-23,Negative,1920
2019-11-24,Neutral,11194
2019-11-24,Positive,6794
2019-11-24,Negative,2334
2019-11-25,Neutral,13608
2019-11-25,Positive,7647
2019-11-25,Negative,2332
2019-11-26,Neutral,13730
2019-11-26,Positive,8326
2019-11-26,Negative,2253
2019-11-27,Neutral,12577
2019-11-27,Positive,7630
2019-11-27,Negative,2359
2019-11-28,Neutral,10804
2019-11-28,Positive,6346
2019-11-28,Negative,1759
2019-11-29,Neutral,10744
2019-11-29,Positive,5929
2019-11-29,Negative,1924
2019-11-30,Neutral,9184
2019-11-30,Positive,4919
2019-11-30,Negative,1621
2019-12-01,Neutral,9534
2019-12-01,Positive,5110
2019-12-01,Negative,1569
2019-12-02,Neutral,10997
2019-12-02,Positive,5905
2019-12-02,Negative,1898
2019-12-03,Neutral,11388
2019-12-03,Positive,6598
2019-12-03,Negative,1832
2019-12-04,Neutral,12965
2019-12-04,Positive,6612
2019-12-04,Negative,1898
2019-12-05,Neutral,12063
2019-12-05,Positive,5852
2019-12-05,Negative,1979
2019-12-06,Neutral,11390
2019-12-06,Positive,5663
2019-12-06,Negative,1975
2019-12-07,Neutral,10113
2019-12-07,Positive,4779
2019-12-07,Negative,1518
2019-12-08,Neutral,9849
2019-12-08,Positive,5161
2019-12-08,Negative,1486
2019-12-09,Neutral,11838
2019-12-09,Positive,6272
2019-12-09,Negative,1836
2019-12-10,Neutral,11735
2019-12-10,Positive,6365
2019-12-10,Negative,1974
2019-12-11,Neutral,11854
2019-12-11,Positive,6271
2019-12-11,Negative,1930
2019-12-12,Neutral,12386
2019-12-12,Positive,6462
2019-12-12,Negative,1991
2019-12-13,Neutral,10998
2019-12-13,Positive,5717
2019-12-13,Negative,1707
2019-12-14,Neutral,10386
2019-12-14,Positive,6472
2019-12-14,Negative,1852
2019-12-15,Neutral,9513
2019-12-15,Positive,5351
2019-12-15,Negative,1717
2019-12-16,Neutral,13342
2019-12-16,Positive,6966
2019-12-16,Negative,2058
2019-12-17,Neutral,14007
2019-12-17,Positive,6931
2019-12-17,Negative,2439
2019-12-18,Neutral,12922
2019-12-18,Positive,6761
2019-12-18,Negative,2204
2019-12-19,Neutral,13928
2019-12-19,Positive,7335
2019-12-19,Negative,1850
2019-12-20,Neutral,12575
2019-12-20,Positive,5828
2019-12-20,Negative,1739
2019-12-21,Neutral,10262
2019-12-21,Positive,4906
2019-12-21,Negative,1436
2019-12-22,Neutral,10645
2019-12-22,Positive,5607
2019-12-22,Negative,1663
2019-12-23,Neutral,12618
2019-12-23,Positive,6504
2019-12-23,Negative,2027
2019-12-24,Neutral,10469
2019-12-24,Positive,5460
2019-12-24,Negative,1708
2019-12-25,Neutral,10051
2019-12-25,Positive,4589
2019-12-25,Negative,1537
2019-12-26,Neutral,10598
2019-12-26,Positive,4900
2019-12-26,Negative,1628
2019-12-27,Neutral,10738
2019-12-27,Positive,5338
2019-12-27,Negative,1539
2019-12-28,Neutral,9629
2019-12-28,Positive,5074
2019-12-28,Negative,1475
2019-12-29,Neutral,9201
2019-12-29,Positive,5111
2019-12-29,Negative,1496
2019-12-30,Neutral,9211
2019-12-30,Positive,5628
2019-12-30,Negative,1715
2019-12-31,Neutral,8995
2019-12-31,Positive,5846
2019-12-31,Negative,1711
2020-01-01,Neutral,8515
2020-01-01,Positive,5124
2020-01-01,Negative,1508
2020-01-02,Neutral,9917
2020-01-02,Positive,6231
2020-01-02,Negative,2007
2020-01-03,Neutral,10709
2020-01-03,Positive,7741
2020-01-03,Negative,1864
2020-01-04,Neutral,9020
2020-01-04,Positive,6043
2020-01-04,Negative,1767
2020-01-05,Neutral,9062
2020-01-05,Positive,6131
2020-01-05,Negative,1768
2020-01-06,Neutral,10819
2020-01-06,Positive,6857
2020-01-06,Negative,1822
2020-01-07,Neutral,12766
2020-01-07,Positive,7368
2020-01-07,Negative,2064
2020-01-08,Neutral,11933
2020-01-08,Positive,7056
2020-01-08,Negative,1869
2020-01-09,Neutral,10886
2020-01-09,Positive,6583
2020-01-09,Negative,1799
2020-01-10,Neutral,11223
2020-01-10,Positive,6895
2020-01-10,Negative,1871
2020-01-11,Neutral,9349
2020-01-11,Positive,6007
2020-01-11,Negative,1691
2020-01-12,Neutral,9656
2020-01-12,Positive,5543
2020-01-12,Negative,1487
2020-01-13,Neutral,12360
2020-01-13,Positive,7184
2020-01-13,Negative,2003
2020-01-14,Neutral,13990
2020-01-14,Positive,8752
2020-01-14,Negative,2479
2020-01-15,Neutral,11813
2020-01-15,Positive,7329
2020-01-15,Negative,2168
2020-01-16,Neutral,11991
2020-01-16,Positive,7061
2020-01-16,Negative,1907
2020-01-17,Neutral,11084
2020-01-17,Positive,6687
2020-01-17,Negative,1865
2020-01-18,Neutral,11122
2020-01-18,Positive,6293
2020-01-18,Negative,1873
2020-01-19,Neutral,11030
2020-01-19,Positive,7479
2020-01-19,Negative,2646
2020-01-20,Neutral,11943
2020-01-20,Positive,7245
2020-01-20,Negative,2272
2020-01-21,Neutral,12412
2020-01-21,Positive,6905
2020-01-21,Negative,2068
2020-01-22,Neutral,11335
2020-01-22,Positive,6629
2020-01-22,Negative,2181
2020-01-23,Neutral,11927
2020-01-23,Positive,7206
2020-01-23,Negative,2263
2020-01-24,Neutral,10724
2020-01-24,Positive,6742
2020-01-24,Negative,1788
2020-01-25,Neutral,8699
2020-01-25,Positive,6015
2020-01-25,Negative,1715
2020-01-26,Neutral,9509
2020-01-26,Positive,5654
2020-01-26,Negative,1593
2020-01-27,Neutral,12629
2020-01-27,Positive,7736
2020-01-27,Negative,2457
2020-01-28,Neutral,12940
2020-01-28,Positive,8641
2020-01-28,Negative,2230
2020-01-29,Neutral,12058
2020-01-29,Positive,7843
2020-01-29,Negative,2246
2020-01-30,Neutral,11793
2020-01-30,Positive,6949
2020-01-30,Negative,2166
2020-01-31,Neutral,11150
2020-01-31,Positive,7200
2020-01-31,Negative,2062
2020-02-01,Neutral,15432
2020-02-01,Positive,6532
2020-02-01,Negative,1846
2020-02-02,Neutral,25397
2020-02-02,Positive,8677
2020-02-02,Negative,2312
2020-02-03,Neutral,14771
2020-02-03,Positive,7816
2020-02-03,Negative,2405
2020-02-04,Neutral,14643
2020-02-04,Positive,7854
2020-02-04,Negative,2225
2020-02-05,Neutral,17903
2020-02-05,Positive,9440
2020-02-05,Negative,2506
2020-02-06,Neutral,14074
2020-02-06,Positive,8426
2020-02-06,Negative,2177
2020-02-07,Neutral,12020
2020-02-07,Positive,6856
2020-02-07,Negative,1926
2020-02-08,Neutral,13986
2020-02-08,Positive,7336
2020-02-08,Negative,2192
2020-02-09,Neutral,13620
2020-02-09,Positive,7653
2020-02-09,Negative,2422
2020-02-10,Neutral,12658
2020-02-10,Positive,7669
2020-02-10,Negative,2358
2020-02-11,Neutral,14427
2020-02-11,Positive,8820
2020-02-11,Negative,2447
2020-02-12,Neutral,13249
2020-02-12,Positive,8210
2020-02-12,Negative,2573
2020-02-13,Neutral,13348
2020-02-13,Positive,8361
2020-02-13,Negative,2602
2020-02-14,Neutral,12637
2020-02-14,Positive,7848
2020-02-14,Negative,2212
2020-02-15,Neutral,11452
2020-02-15,Positive,6506
2020-02-15,Negative,2151
2020-02-16,Neutral,12370
2020-02-16,Positive,6775
2020-02-16,Negative,2213
2020-02-17,Neutral,12732
2020-02-17,Positive,7867
2020-02-17,Negative,2740
2020-02-18,Neutral,13145
2020-02-18,Positive,8878
2020-02-18,Negative,2532
2020-02-19,Neutral,13843
2020-02-19,Positive,9211
2020-02-19,Negative,2743
2020-02-20,Neutral,12730
2020-02-20,Positive,7884
2020-02-20,Negative,2368
2020-02-21,Neutral,11890
2020-02-21,Positive,7644
2020-02-21,Negative,2325
2020-02-22,Neutral,10308
2020-02-22,Positive,6486
2020-02-22,Negative,1989
2020-02-23,Neutral,10737
2020-02-23,Positive,6767
2020-02-23,Negative,2288
2020-02-24,Neutral,13538
2020-02-24,Positive,8167
2020-02-24,Negative,3042
2020-02-25,Neutral,13296
2020-02-25,Positive,8234
2020-02-25,Negative,2900
2020-02-26,Neutral,14112
2020-02-26,Positive,8560
2020-02-26,Negative,3062
2020-02-27,Neutral,12684
2020-02-27,Positive,7425
2020-02-27,Negative,2729
2020-02-28,Neutral,13149
2020-02-28,Positive,7965
2020-02-28,Negative,2553
2020-02-29,Neutral,9720
2020-02-29,Positive,5734
2020-02-29,Negative,1866
2020-03-01,Neutral,10443
2020-03-01,Positive,6005
2020-03-01,Negative,2152
2020-03-02,Neutral,13140
2020-03-02,Positive,7517
2020-03-02,Negative,2379
2020-03-03,Neutral,13735
2020-03-03,Positive,8153
2020-03-03,Negative,2554
2020-03-04,Neutral,13411
2020-03-04,Positive,8365
2020-03-04,Negative,2635
2020-03-05,Neutral,13349
2020-03-05,Positive,8184
2020-03-05,Negative,2288
2020-03-06,Neutral,11772
2020-03-06,Positive,6724
2020-03-06,Negative,1885
2020-03-07,Neutral,9911
2020-03-07,Positive,5618
2020-03-07,Negative,2070
2020-03-08,Neutral,11696
2020-03-08,Positive,7313
2020-03-08,Negative,2944
2020-03-09,Neutral,15549
2020-03-09,Positive,9716
2020-03-09,Negative,3707
2020-03-10,Neutral,12906
2020-03-10,Positive,7221
2020-03-10,Negative,2504
2020-03-11,Neutral,13782
2020-03-11,Positive,7914
2020-03-11,Negative,2653
2020-03-12,Neutral,29003
2020-03-12,Positive,15858
2020-03-12,Negative,7689
2020-03-13,Neutral,18548
2020-03-13,Positive,11203
2020-03-13,Negative,4271
2020-03-14,Neutral,12986
2020-03-14,Positive,7627
2020-03-14,Negative,2718
2020-03-15,Neutral,13782
2020-03-15,Positive,7709
2020-03-15,Negative,3008
2020-03-16,Neutral,16612
2020-03-16,Positive,8977
2020-03-16,Negative,3538
2020-03-17,Neutral,14883
2020-03-17,Positive,8234
2020-03-17,Negative,2820
2020-03-18,Neutral,15208
2020-03-18,Positive,8093
2020-03-18,Negative,2990
2020-03-19,Neutral,15985
2020-03-19,Positive,8661
2020-03-19,Negative,3022
2020-03-20,Neutral,15352
2020-03-20,Positive,8210
2020-03-20,Negative,2766
2020-03-21,Neutral,12181
2020-03-21,Positive,6377
2020-03-21,Negative,2158
2020-03-22,Neutral,12177
2020-03-22,Positive,6780
2020-03-22,Negative,2480
2020-03-23,Neutral,15626
2020-03-23,Positive,8238
2020-03-23,Negative,3020
2020-03-24,Neutral,15101
2020-03-24,Positive,8140
2020-03-24,Negative,2719
2020-03-25,Neutral,14209
2020-03-25,Positive,7712
2020-03-25,Negative,2527
2020-03-26,Neutral,13992
2020-03-26,Positive,7625
2020-03-26,Negative,2585
2020-03-27,Neutral,13057
2020-03-27,Positive,7118
2020-03-27,Negative,2574
2020-03-28,Neutral,11571
2020-03-28,Positive,6205
2020-03-28,Negative,2199
2020-03-29,Neutral,12314
2020-03-29,Positive,6824
2020-03-29,Negative,2334
2020-03-30,Neutral,13003
2020-03-30,Positive,7335
2020-03-30,Negative,2524
2020-03-31,Neutral,12490
2020-03-31,Positive,7406
2020-03-31,Negative,2421
2020-04-01,Neutral,14246
2020-04-01,Positive,7594
2020-04-01,Negative,2403
2020-04-02,Neutral,14687
2020-04-02,Positive,8084
2020-04-02,Negative,2769
2020-04-03,Neutral,13811
2020-04-03,Positive,8402
2020-04-03,Negative,2533
2020-04-04,Neutral,11299
2020-04-04,Positive,6803
2020-04-04,Negative,2086
2020-04-05,Neutral,12640
2020-04-05,Positive,7100
2020-04-05,Negative,2360
2020-04-06,Neutral,14736
2020-04-06,Positive,8480
2020-04-06,Negative,2684
2020-04-07,Neutral,14405
2020-04-07,Positive,8242
2020-04-07,Negative,2760
2020-04-08,Neutral,14015
2020-04-08,Positive,7593
2020-04-08,Negative,2356
2020-04-09,Neutral,13828
2020-04-09,Positive,8306
2020-04-09,Negative,2554
2020-04-10,Neutral,13141
2020-04-10,Positive,7817
2020-04-10,Negative,2310
2020-04-11,Neutral,11302
2020-04-11,Positive,6751
2020-04-11,Negative,2025
2020-04-12,Neutral,13147
2020-04-12,Positive,7679
2020-04-12,Negative,2470
2020-04-13,Neutral,14499
2020-04-13,Positive,8675
2020-04-13,Negative,2740
2020-04-14,Neutral,17011
2020-04-14,Positive,9416
2020-04-14,Negative,2866
2020-04-15,Neutral,14682
2020-04-15,Positive,9007
2020-04-15,Negative,2726
2020-04-16,Neutral,15343
2020-04-16,Positive,8523
2020-04-16,Negative,2803
2020-04-17,Neutral,13543
2020-04-17,Positive,7887
2020-04-17,Negative,2291
2020-04-18,Neutral,12777
2020-04-18,Positive,7026
2020-04-18,Negative,2017
2020-04-19,Neutral,12716
2020-04-19,Positive,7105
2020-04-19,Negative,2122
2020-04-20,Neutral,15999
2020-04-20,Positive,9026
2020-04-20,Negative,3270
2020-04-21,Neutral,14843
2020-04-21,Positive,8517
2020-04-21,Negative,2943
2020-04-22,Neutral,14087
2020-04-22,Positive,8166
2020-04-22,Negative,2476
2020-04-23,Neutral,16041
2020-04-23,Positive,9202
2020-04-23,Negative,2422
2020-04-24,Neutral,13856
2020-04-24,Positive,8976
2020-04-24,Negative,2574
2020-04-25,Neutral,12787
2020-04-25,Positive,7471
2020-04-25,Negative,2294
2020-04-26,Neutral,13669
2020-04-26,Positive,7555
2020-04-26,Negative,2645
2020-04-27,Neutral,15314
2020-04-27,Positive,8872
2020-04-27,Negative,2662
2020-04-28,Neutral,16252
2020-04-28,Positive,9278
2020-04-28,Negative,2735
2020-04-29,Neutral,22722
2020-04-29,Positive,12722
2020-04-29,Negative,3994
2020-04-30,Neutral,18520
2020-04-30,Positive,10585
2020-04-30,Negative,3008
2020-05-01,Neutral,17203
2020-05-01,Positive,9704
2020-05-01,Negative,3075
2020-05-02,Neutral,14793
2020-05-02,Positive,8651
2020-05-02,Negative,2693
2020-05-03,Neutral,14153
2020-05-03,Positive,8351
2020-05-03,Negative,2571
2020-05-04,Neutral,16416
2020-05-04,Positive,11677
2020-05-04,Negative,2833
2020-05-05,Neutral,17100
2020-05-05,Positive,11370
2020-05-05,Negative,3399
2020-05-06,Neutral,20150
2020-05-06,Positive,11924
2020-05-06,Negative,3113
2020-05-07,Neutral,26812
2020-05-07,Positive,15143
2020-05-07,Negative,4219
2020-05-08,Neutral,21459
2020-05-08,Positive,12459
2020-05-08,Negative,3302
2020-05-09,Neutral,18298
2020-05-09,Positive,11225
2020-05-09,Negative,3516
2020-05-10,Neutral,17255
2020-05-10,Positive,10107
2020-05-10,Negative,3591
2020-05-11,Neutral,29819
2020-05-11,Positive,18022
2020-05-11,Negative,5066
2020-05-12,Neutral,19021
2020-05-12,Positive,10957
2020-05-12,Negative,3609
2020-05-13,Neutral,17618
2020-05-13,Positive,10266
2020-05-13,Negative,3507
2020-05-14,Neutral,18189
2020-05-14,Positive,10616
2020-05-14,Negative,3308
2020-05-15,Neutral,17773
2020-05-15,Positive,13082
2020-05-15,Negative,4039
2020-05-16,Neutral,16208
2020-05-16,Positive,11201
2020-05-16,Negative,3816
2020-05-17,Neutral,15286
2020-05-17,Positive,9744
2020-05-17,Negative,3191
2020-05-18,Neutral,17774
2020-05-18,Positive,10220
2020-05-18,Negative,3199
2020-05-19,Neutral,15490
2020-05-19,Positive,9693
2020-05-19,Negative,3012
2020-05-20,Neutral,16731
2020-05-20,Positive,10958
2020-05-20,Negative,3497
2020-05-21,Neutral,16024
2020-05-21,Positive,10506
2020-05-21,Negative,3183
2020-05-22,Neutral,16804
2020-05-22,Positive,11320
2020-05-22,Negative,2795
2020-05-23,Neutral,12431
2020-05-23,Positive,7440
2020-05-23,Negative,2451
2020-05-24,Neutral,13141
2020-05-24,Positive,7959
2020-05-24,Negative,2648
2020-05-25,Neutral,16646
2020-05-25,Positive,8999
2020-05-25,Negative,2786
2020-05-26,Neutral,14676
2020-05-26,Positive,8994
2020-05-26,Negative,2752
2020-05-27,Neutral,18523
2020-05-27,Positive,10422
2020-05-27,Negative,3172
2020-05-28,Neutral,17289
2020-05-28,Positive,9685
2020-05-28,Negative,2970
2020-05-29,Neutral,13860
2020-05-29,Positive,8442
2020-05-29,Negative,2630
2020-05-30,Neutral,12598
2020-05-30,Positive,7136
2020-05-30,Negative,2324
2020-05-31,Neutral,12256
2020-05-31,Positive,7079
2020-05-31,Negative,2269
2020-06-01,Neutral,17321
2020-06-01,Positive,9857
2020-06-01,Negative,3227
2020-06-02,Neutral,17866
2020-06-02,Positive,10078
2020-06-02,Negative,3521
2020-06-03,Neutral,14308
2020-06-03,Positive,9560
2020-06-03,Negative,3043
2020-06-04,Neutral,14654
2020-06-04,Positive,9881
2020-06-04,Negative,2729
2020-06-05,Neutral,14240
2020-06-05,Positive,8827
2020-06-05,Negative,2704
2020-06-06,Neutral,12266
2020-06-06,Positive,7436
2020-06-06,Negative,2529
2020-06-07,Neutral,12985
2020-06-07,Positive,8108
2020-06-07,Negative,2370
2020-06-08,Neutral,14843
2020-06-08,Positive,9229
2020-06-08,Negative,2808
2020-06-09,Neutral,15551
2020-06-09,Positive,9553
2020-06-09,Negative,2784
2020-06-10,Neutral,16768
2020-06-10,Positive,10213
2020-06-10,Negative,3284
2020-06-11,Neutral,16737
2020-06-11,Positive,9365
2020-06-11,Negative,3118
2020-06-12,Neutral,14805
2020-06-12,Positive,8651
2020-06-12,Negative,2659
2020-06-13,Neutral,12666
2020-06-13,Positive,7389
2020-06-13,Negative,2444
2020-06-14,Neutral,12505
2020-06-14,Positive,8376
2020-06-14,Negative,2491
2020-06-15,Neutral,14932
2020-06-15,Positive,8850
2020-06-15,Negative,2773
2020-06-16,Neutral,14153
2020-06-16,Positive,8578
2020-06-16,Negative,2497
2020-06-17,Neutral,13965
2020-06-17,Positive,8305
2020-06-17,Negative,2834
2020-06-18,Neutral,15263
2020-06-18,Positive,8545
2020-06-18,Negative,2731
2020-06-19,Neutral,13620
2020-06-19,Positive,8328
2020-06-19,Negative,2491
2020-06-20,Neutral,12343
2020-06-20,Positive,7526
2020-06-20,Negative,2234
2020-06-21,Neutral,11869
2020-06-21,Positive,7646
2020-06-21,Negative,2587
2020-06-22,Neutral,15672
2020-06-22,Positive,9577
2020-06-22,Negative,2838
2020-06-23,Neutral,14764
2020-06-23,Positive,9079
2020-06-23,Negative,2968
2020-06-24,Neutral,14703
2020-06-24,Positive,8569
2020-06-24,Negative,2827
2020-06-25,Neutral,14222
2020-06-25,Positive,8162
2020-06-25,Negative,2881
2020-06-26,Neutral,13605
2020-06-26,Positive,7825
2020-06-26,Negative,2529
2020-06-27,Neutral,12088
2020-06-27,Positive,7424
2020-06-27,Negative,2608
2020-06-28,Neutral,12202
2020-06-28,Positive,8528
2020-06-28,Negative,2371
2020-06-29,Neutral,14942
2020-06-29,Positive,9411
2020-06-29,Negative,3083
2020-06-30,Neutral,16183
2020-06-30,Positive,10692
2020-06-30,Negative,3173
2020-07-01,Neutral,15225
2020-07-01,Positive,10172
2020-07-01,Negative,3047
2020-07-02,Neutral,15881
2020-07-02,Positive,10187
2020-07-02,Negative,3063
2020-07-03,Neutral,13702
2020-07-03,Positive,9339
2020-07-03,Negative,2515
2020-07-04,Neutral,11425
2020-07-04,Positive,8027
2020-07-04,Negative,2204
2020-07-05,Neutral,12039
2020-07-05,Positive,8501
2020-07-05,Negative,2323
2020-07-06,Neutral,15747
2020-07-06,Positive,10572
2020-07-06,Negative,2751
2020-07-07,Neutral,14259
2020-07-07,Positive,9969
2020-07-07,Negative,2731
2020-07-08,Neutral,15284
2020-07-08,Positive,10127
2020-07-08,Negative,2824
2020-07-09,Neutral,15950
2020-07-09,Positive,11357
2020-07-09,Negative,2890
2020-07-10,Neutral,15552
2020-07-10,Positive,11388
2020-07-10,Negative,2959
2020-07-11,Neutral,12370
2020-07-11,Positive,8092
2020-07-11,Negative,2157
2020-07-12,Neutral,12336
2020-07-12,Positive,8005
2020-07-12,Negative,2091
2020-07-13,Neutral,13803
2020-07-13,Positive,9942
2020-07-13,Negative,2990
2020-07-14,Neutral,14581
2020-07-14,Positive,11391
2020-07-14,Negative,2779
2020-07-15,Neutral,49953
2020-07-15,Positive,33900
2020-07-15,Negative,12849
2020-07-16,Neutral,24625
2020-07-16,Positive,17300
2020-07-16,Negative,5988
2020-07-17,Neutral,15410
2020-07-17,Positive,11587
2020-07-17,Negative,3106
2020-07-18,Neutral,12561
2020-07-18,Positive,10255
2020-07-18,Negative,2600
2020-07-19,Neutral,12205
2020-07-19,Positive,9418
2020-07-19,Negative,2641
2020-07-20,Neutral,14559
2020-07-20,Positive,10004
2020-07-20,Negative,2761
2020-07-21,Neutral,15780
2020-07-21,Positive,10122
2020-07-21,Negative,2778
2020-07-22,Neutral,16148
2020-07-22,Positive,10809
2020-07-22,Negative,3065
2020-07-23,Neutral,16696
2020-07-23,Positive,10670
2020-07-23,Negative,3090
2020-07-24,Neutral,15438
2020-07-24,Positive,10982
2020-07-24,Negative,3129
2020-07-25,Neutral,13314
2020-07-25,Positive,9349
2020-07-25,Negative,2465
2020-07-26,Neutral,16943
2020-07-26,Positive,11031
2020-07-26,Negative,2892
2020-07-27,Neutral,26232
2020-07-27,Positive,16315
2020-07-27,Negative,4868
2020-07-28,Neutral,19097
2020-07-28,Positive,13061
2020-07-28,Negative,3412
2020-07-29,Neutral,17376
2020-07-29,Positive,11057
2020-07-29,Negative,3132
2020-07-30,Neutral,16601
2020-07-30,Positive,10624
2020-07-30,Negative,2626
2020-07-31,Neutral,18377
2020-07-31,Positive,11839
2020-07-31,Negative,3122
2020-08-01,Neutral,19490
2020-08-01,Positive,12756
2020-08-01,Negative,3470
2020-08-02,Neutral,15484
2020-08-02,Positive,10176
2020-08-02,Negative,2929
2020-08-03,Neutral,17005
2020-08-03,Positive,10641
2020-08-03,Negative,3185
2020-08-04,Neutral,17023
2020-08-04,Positive,11553
2020-08-04,Negative,2984
2020-08-05,Neutral,20379
2020-08-05,Positive,13135
2020-08-05,Negative,3351
2020-08-06,Neutral,20817
2020-08-06,Positive,13040
2020-08-06,Negative,3530
2020-08-07,Neutral,17360
2020-08-07,Positive,13527
2020-08-07,Negative,3047
2020-08-08,Neutral,14612
2020-08-08,Positive,11534
2020-08-08,Negative,2520
2020-08-09,Neutral,15784
2020-08-09,Positive,12837
2020-08-09,Negative,2938
2020-08-10,Neutral,17436
2020-08-10,Positive,13868
2020-08-10,Negative,3103
2020-08-11,Neutral,17763
2020-08-11,Positive,14648
2020-08-11,Negative,3326
2020-08-12,Neutral,16760
2020-08-12,Positive,12192
2020-08-12,Negative,2874
2020-08-13,Neutral,17156
2020-08-13,Positive,12234
2020-08-13,Negative,3048
2020-08-14,Neutral,16712
2020-08-14,Positive,12708
2020-08-14,Negative,2943
2020-08-15,Neutral,15447
2020-08-15,Positive,11590
2020-08-15,Negative,2880
2020-08-16,Neutral,14506
2020-08-16,Positive,12800
2020-08-16,Negative,2651
2020-08-17,Neutral,20201
2020-08-17,Positive,14770
2020-08-17,Negative,3727
2020-08-18,Neutral,18770
2020-08-18,Positive,13365
2020-08-18,Negative,3257
2020-08-19,Neutral,17169
2020-08-19,Positive,11674
2020-08-19,Negative,3057
2020-08-20,Neutral,16739
2020-08-20,Positive,12877
2020-08-20,Negative,2803
2020-08-21,Neutral,17129
2020-08-21,Positive,13592
2020-08-21,Negative,3388
2020-08-22,Neutral,13799
2020-08-22,Positive,11140
2020-08-22,Negative,2713
2020-08-23,Neutral,14126
2020-08-23,Positive,11663
2020-08-23,Negative,2505
2020-08-24,Neutral,17496
2020-08-24,Positive,12243
2020-08-24,Negative,2913
2020-08-25,Neutral,17087
2020-08-25,Positive,13072
2020-08-25,Negative,3009
2020-08-26,Neutral,15951
2020-08-26,Positive,11538
2020-08-26,Negative,2664
2020-08-27,Neutral,16907
2020-08-27,Positive,12443
2020-08-27,Negative,3383
2020-08-28,Neutral,17426
2020-08-28,Positive,12040
2020-08-28,Negative,2427
2020-08-29,Neutral,14234
2020-08-29,Positive,9984
2020-08-29,Negative,2101
2020-08-30,Neutral,13522
2020-08-30,Positive,9454
2020-08-30,Negative,2128
2020-08-31,Neutral,15884
2020-08-31,Positive,11163
2020-08-31,Negative,2659
2020-09-01,Neutral,16760
2020-09-01,Positive,12010
2020-09-01,Negative,2811
2020-09-02,Neutral,18225
2020-09-02,Positive,11030
2020-09-02,Negative,2956
2020-09-03,Neutral,18730
2020-09-03,Positive,11519
2020-09-03,Negative,3335
2020-09-04,Neutral,17643
2020-09-04,Positive,11088
2020-09-04,Negative,2852
2020-09-05,Neutral,14839
2020-09-05,Positive,9445
2020-09-05,Negative,2426
2020-09-06,Neutral,12927
2020-09-06,Positive,8500
2020-09-06,Negative,2425
2020-09-07,Neutral,15545
2020-09-07,Positive,10425
2020-09-07,Negative,3012
2020-09-08,Neutral,16310
2020-09-08,Positive,13667
2020-09-08,Negative,3054
2020-09-09,Neutral,16531
2020-09-09,Positive,15404
2020-09-09,Negative,2913
2020-09-10,Neutral,15730
2020-09-10,Positive,12446
2020-09-10,Negative,2708
2020-09-11,Neutral,15047
2020-09-11,Positive,11029
2020-09-11,Negative,2395
2020-09-12,Neutral,12293
2020-09-12,Positive,9236
2020-09-12,Negative,2083
2020-09-13,Neutral,11749
2020-09-13,Positive,9361
2020-09-13,Negative,2292
2020-09-14,Neutral,15699
2020-09-14,Positive,11341
2020-09-14,Negative,2625
2020-09-15,Neutral,16639
2020-09-15,Positive,11515
2020-09-15,Negative,3023
2020-09-16,Neutral,16741
2020-09-16,Positive,11737
2020-09-16,Negative,3273
2020-09-17,Neutral,15201
2020-09-17,Positive,11292
2020-09-17,Negative,2759
2020-09-18,Neutral,14733
2020-09-18,Positive,10998
2020-09-18,Negative,2560
2020-09-19,Neutral,13414
2020-09-19,Positive,9080
2020-09-19,Negative,2174
2020-09-20,Neutral,13141
2020-09-20,Positive,8902
2020-09-20,Negative,2445
2020-09-21,Neutral,17031
2020-09-21,Positive,10973
2020-09-21,Negative,3294
2020-09-22,Neutral,15503
2020-09-22,Positive,10375
2020-09-22,Negative,2558
2020-09-23,Neutral,16020
2020-09-23,Positive,9979
2020-09-23,Negative,2566
2020-09-24,Neutral,15752
2020-09-24,Positive,10189
2020-09-24,Negative,2556
2020-09-25,Neutral,14758
2020-09-25,Positive,9859
2020-09-25,Negative,2231
2020-09-26,Neutral,11889
2020-09-26,Positive,8393
2020-09-26,Negative,1887
2020-09-27,Neutral,13380
2020-09-27,Positive,12424
2020-09-27,Negative,2130
2020-09-28,Neutral,15352
2020-09-28,Positive,11631
2020-09-28,Negative,2409
2020-09-29,Neutral,15652
2020-09-29,Positive,11744
2020-09-29,Negative,2618
2020-09-30,Positive,19956
2020-09-30,Neutral,14669
2020-09-30,Negative,2716
2020-10-01,Positive,19601
2020-10-01,Neutral,15361
2020-10-01,Negative,3287
2020-10-02,Positive,20894
2020-10-02,Neutral,14561
2020-10-02,Negative,2876
2020-10-03,Positive,13312
2020-10-03,Neutral,11866
2020-10-03,Negative,1967
2020-10-04,Neutral,11555
2020-10-04,Positive,11121
2020-10-04,Negative,2053
2020-10-05,Neutral,14535
2020-10-05,Positive,11928
2020-10-05,Negative,2297
2020-10-06,Neutral,14993
2020-10-06,Positive,11333
2020-10-06,Negative,2640
2020-10-07,Positive,14924
2020-10-07,Neutral,14563
2020-10-07,Negative,2512
2020-10-08,Neutral,19641
2020-10-08,Positive,19507
2020-10-08,Negative,3210
2020-10-09,Positive,21557
2020-10-09,Neutral,19445
2020-10-09,Negative,2871
2020-10-10,Neutral,20265
2020-10-10,Positive,14361
2020-10-10,Negative,2097
2020-10-11,Neutral,15493
2020-10-11,Positive,12746
2020-10-11,Negative,2114
2020-10-12,Neutral,17808
2020-10-12,Positive,14454
2020-10-12,Negative,3109
2020-10-13,Neutral,17862
2020-10-13,Positive,14293
2020-10-13,Negative,3155
2020-10-14,Neutral,18589
2020-10-14,Positive,13271
2020-10-14,Negative,3078
2020-10-15,Neutral,16927
2020-10-15,Positive,14168
2020-10-15,Negative,2432
2020-10-16,Neutral,18640
2020-10-16,Positive,13807
2020-10-16,Negative,2630
2020-10-17,Neutral,14925
2020-10-17,Positive,11912
2020-10-17,Negative,2231
2020-10-18,Neutral,14401
2020-10-18,Positive,12369
2020-10-18,Negative,2444
2020-10-19,Neutral,17989
2020-10-19,Positive,14169
2020-10-19,Negative,3209
2020-10-20,Neutral,20200
2020-10-20,Positive,14016
2020-10-20,Negative,3906
2020-10-21,Neutral,30160
2020-10-21,Positive,25217
2020-10-21,Negative,5999
2020-10-22,Neutral,21658
2020-10-22,Positive,18327
2020-10-22,Negative,3937
2020-10-23,Neutral,17345
2020-10-23,Positive,14984
2020-10-23,Negative,3033
2020-10-24,Neutral,16171
2020-10-24,Positive,13199
2020-10-24,Negative,2951
2020-10-25,Neutral,14775
2020-10-25,Positive,13456
2020-10-25,Negative,2362
2020-10-26,Neutral,17749
2020-10-26,Positive,15147
2020-10-26,Negative,3120
2020-10-27,Neutral,24972
2020-10-27,Positive,17571
2020-10-27,Negative,4819
2020-10-28,Neutral,19169
2020-10-28,Positive,14594
2020-10-28,Negative,4091
2020-10-29,Neutral,18901
2020-10-29,Positive,17380
2020-10-29,Negative,3402
2020-10-30,Neutral,17287
2020-10-30,Positive,13947
2020-10-30,Negative,3303
2020-10-31,Neutral,18890
2020-10-31,Positive,17118
2020-10-31,Negative,2896
2020-11-01,Neutral,15812
2020-11-01,Positive,15501
2020-11-01,Negative,2485
2020-11-02,Neutral,16602
2020-11-02,Positive,15220
2020-11-02,Negative,3077
2020-11-03,Neutral,20250
2020-11-03,Positive,17506
2020-11-03,Negative,3085
2020-11-04,Neutral,23061
2020-11-04,Positive,15500
2020-11-04,Negative,3086
2020-11-05,Neutral,35361
2020-11-05,Positive,21630
2020-11-05,Negative,6217
2020-11-06,Neutral,22673
2020-11-06,Positive,17574
2020-11-06,Negative,4073
2020-11-07,Neutral,17332
2020-11-07,Positive,13984
2020-11-07,Negative,3708
2020-11-08,Neutral,15968
2020-11-08,Positive,13156
2020-11-08,Negative,3513
2020-11-09,Neutral,19609
2020-11-09,Positive,16432
2020-11-09,Negative,3806
2020-11-10,Neutral,18953
2020-11-10,Positive,15362
2020-11-10,Negative,3358
2020-11-11,Neutral,20938
2020-11-11,Positive,16602
2020-11-11,Negative,4245
2020-11-12,Neutral,25625
2020-11-12,Positive,22689
2020-11-12,Negative,5218
2020-11-13,Neutral,21187
2020-11-13,Positive,15098
2020-11-13,Negative,3708
2020-11-14,Neutral,15473
2020-11-14,Positive,10400
2020-11-14,Negative,3225
2020-11-15,Neutral,15302
2020-11-15,Positive,12293
2020-11-15,Negative,3118
2020-11-16,Neutral,22321
2020-11-16,Positive,16939
2020-11-16,Negative,5198
2020-11-17,Neutral,39372
2020-11-17,Positive,29372
2020-11-17,Negative,8793
2020-11-18,Neutral,28806
2020-11-18,Positive,19416
2020-11-18,Negative,5831
2020-11-19,Neutral,21074
2020-11-19,Positive,15583
2020-11-19,Negative,4624
2020-11-20,Neutral,26525
2020-11-20,Positive,19849
2020-11-20,Negative,5705
2020-11-21,Neutral,20128
2020-11-21,Positive,15220
2020-11-21,Negative,4271
2020-11-22,Neutral,17677
2020-11-22,Positive,14484
2020-11-22,Negative,4170
2020-11-23,Neutral,21102
2020-11-23,Positive,16144
2020-11-23,Negative,4662
2020-11-24,Neutral,29028
2020-11-24,Positive,22973
2020-11-24,Negative,6248
2020-11-25,Neutral,22848
2020-11-25,Positive,17723
2020-11-25,Negative,5280
2020-11-26,Neutral,23588
2020-11-26,Positive,17385
2020-11-26,Negative,7002
2020-11-27,Neutral,18953
2020-11-27,Positive,14386
2020-11-27,Negative,5156
2020-11-28,Neutral,16450
2020-11-28,Positive,12563
2020-11-28,Negative,3846
2020-11-29,Neutral,17803
2020-11-29,Positive,12987
2020-11-29,Negative,4012
2020-11-30,Neutral,33539
2020-11-30,Positive,24285
2020-11-30,Negative,7119
2020-12-01,Neutral,25349
2020-12-01,Positive,18310
2020-12-01,Negative,5656
2020-12-02,Neutral,21324
2020-12-02,Positive,15414
2020-12-02,Negative,4320
2020-12-03,Neutral,22184
2020-12-03,Positive,14805
2020-12-03,Negative,4564
2020-12-04,Neutral,22850
2020-12-04,Positive,13637
2020-12-04,Negative,4395
2020-12-05,Neutral,17004
2020-12-05,Positive,14159
2020-12-05,Negative,3563
2020-12-06,Neutral,16152
2020-12-06,Positive,12509
2020-12-06,Negative,3744
2020-12-07,Neutral,19838
2020-12-07,Positive,14525
2020-12-07,Negative,4163
2020-12-08,Neutral,20866
2020-12-08,Positive,14037
2020-12-08,Negative,4329
2020-12-09,Neutral,21135
2020-12-09,Positive,14738
2020-12-09,Negative,4020
2020-12-10,Neutral,19603
2020-12-10,Positive,14616
2020-12-10,Negative,3949
2020-12-11,Neutral,17544
2020-12-11,Positive,13586
2020-12-11,Negative,3905
2020-12-12,Neutral,17513
2020-12-12,Positive,12762
2020-12-12,Negative,3539
2020-12-13,Neutral,18775
2020-12-13,Positive,13108
2020-12-13,Negative,3578
2020-12-14,Neutral,19418
2020-12-14,Positive,14422
2020-12-14,Negative,4472
2020-12-15,Neutral,20050
2020-12-15,Positive,14617
2020-12-15,Negative,4132
2020-12-16,Neutral,65296
2020-12-16,Positive,39669
2020-12-16,Negative,11614
2020-12-17,Neutral,50303
2020-12-17,Positive,34539
2020-12-17,Negative,10701
2020-12-18,Neutral,30624
2020-12-18,Positive,22590
2020-12-18,Negative,7531
2020-12-19,Neutral,28639
2020-12-19,Positive,20446
2020-12-19,Negative,6113
2020-12-20,Neutral,32651
2020-12-20,Positive,25480
2020-12-20,Negative,7716
2020-12-21,Neutral,31636
2020-12-21,Positive,22913
2020-12-21,Negative,7322
2020-12-22,Neutral,27355
2020-12-22,Positive,19785
2020-12-22,Negative,7201
2020-12-23,Neutral,25385
2020-12-23,Positive,18120
2020-12-23,Negative,6590
2020-12-24,Neutral,21031
2020-12-24,Positive,16250
2020-12-24,Negative,5443
2020-12-25,Neutral,25556
2020-12-25,Positive,17069
2020-12-25,Negative,4800
